trigger,direction,signal_def
F1,LONG,ADX_Rising:==0 ->8-> D2D_DirStep:==-1
F0,LONG,AT_Lookback_LT:hi + Micro_MomoTransfer:lo + Micro_RangeVelocity:lo
F0,LONG,AT_Lookback_LT:hi + VAH_Dist_ATR:hi + WeeklyOpen_Dist_ATR:lo
F0,LONG,AT_Lookback_ST:hi + AT_Slope_ST:lo + Micro_RollProxy:hi
F0,LONG,AT_Lookback_ST:hi + Slope_EMA_ST:hi + ADX_Value:lo
F0,LONG,AT_Lookback_ST:hi + Slope_EMA_ST:lo + Sqz_State:==1
F0,LONG,AT_Score_LT:hi + Micro_GarmanKlass:hi + Micro_Rejection:hi
F0,LONG,AT_Score_LT:hi + PrevDay_High_Dist_ATR:lo + MultiDay_Slope:lo
F0,LONG,AT_Score_LT:hi + Volume_Avg_10:hi + Micro_CSSpread:hi
F0,LONG,AT_Score_LT:lo + Micro_MicroGap:lo + OR_High_Side:==-1
F0,LONG,AT_Score_LT:lo + Micro_VolOfVol:lo + Round_500_Dist_ATR:lo
F0,LONG,AT_Score_LT:lo + Slope_Accel_LT:hi + Body_Size:hi
F0,LONG,AT_Score_LT:lo + Slope_Accel_LT:hi + Micro_RangeAccel:hi
F0,LONG,AT_Score_LT:lo + Slope_Accel_LT:hi + VWAP_Sigma:hi
F0,LONG,AT_Slope_LT:lo + AT_Slope_ST:lo + Micro_Hurst:hi
F0,LONG,AT_Slope_LT:lo + AT_Slope_ST:lo + Micro_RollProxy:hi
F0,LONG,AT_Slope_LT:lo + Micro_FailedBreak:hi + Micro_RangeAccel:lo
F0,LONG,AT_Slope_LT:lo + Slope_EMA_ST:lo + Micro_FailedBreak:hi
F0,LONG,AT_Slope_LT:lo + Slope_EMA_ST:lo + Micro_Hurst:hi
F0,LONG,AT_Slope_ST:lo + Bars_Since_Flip:hi + Lower_Wick:hi
F0,LONG,AT_Slope_ST:lo + Bars_Since_Flip:hi + Upper_Wick:hi
F0,LONG,AT_Slope_ST:lo + Micro_Amihud:hi + Lower_Wick:hi
F0,LONG,AT_Slope_ST:lo + Micro_AutoCorr:hi + D2D_DirStep:==1
F0,LONG,AT_Slope_ST:lo + Micro_AutoCorr:hi + Micro_LogReturn:hi
F0,LONG,AT_Slope_ST:lo + Micro_AutoCorr:hi + Micro_RangeVelocity:hi
F0,LONG,AT_Slope_ST:lo + Micro_AutoCorr:hi + Micro_WickImbalance:lo
F0,LONG,AT_Slope_ST:lo + Micro_BarOverlap:lo + VWAP_Sigma:hi
F0,LONG,AT_Slope_ST:lo + Micro_FailedBreak:hi + VWAP_Side:==-1
F0,LONG,AT_Slope_ST:lo + Micro_FractalDim:lo + Micro_Hurst:hi
F0,LONG,AT_Slope_ST:lo + Micro_HLAsymmetry:hi + Micro_Hurst:hi
F0,LONG,AT_Slope_ST:lo + Micro_Hurst:hi + Round_1000_Dist_ATR:lo
F0,LONG,AT_Slope_ST:lo + Micro_OrderFlowDelta:hi + Micro_WickImbalance:lo
F0,LONG,AT_Slope_ST:lo + Micro_RangeAccel:hi + RangeOsc_State:==2
F0,LONG,AT_Slope_ST:lo + Micro_RangeAccel:lo + AT_Regime_LT:==1
F0,LONG,AT_Slope_ST:lo + Micro_RollProxy:hi + RangeOsc_State:==-1
F0,LONG,AT_Slope_ST:lo + Micro_VPIN:lo + OBVf_Signal:==1
F0,LONG,AT_Slope_ST:lo + Micro_VolOfVol:hi + OBVf_Signal:==1
F0,LONG,AT_Slope_ST:lo + Micro_VolOfVol:hi + OR_Position:lo
F0,LONG,AT_Slope_ST:lo + Micro_VolOfVol:hi + Volume:hi
F0,LONG,AT_Slope_ST:lo + Momentum_Value:hi + AT_Regime_ST:==1
F0,LONG,AT_Slope_ST:lo + Momentum_Value:hi + Body_Size:hi
F0,LONG,AT_Slope_ST:lo + Momentum_Value:hi + D2D_Signal:==0
F0,LONG,AT_Slope_ST:lo + Momentum_Value:hi + Micro_RollProxy:hi
F0,LONG,AT_Slope_ST:lo + RangeOsc_Val:lo + Micro_HLAsymmetry:hi
F0,LONG,AT_Slope_ST:lo + RangeOsc_Val:lo + Micro_RollProxy:hi
F0,LONG,AT_Slope_ST:lo + Session_Low_Dist_ATR:lo + Volume:hi
F0,LONG,Bar_Range:hi + Micro_Lambda:lo + PrevDay_High_Dist_ATR:hi
F0,LONG,Bar_Range:hi + Micro_Lambda:lo + RangeOsc_State:==2
F0,LONG,Bar_Range:hi + Micro_MomoTransfer:hi + Micro_TickIntensity:hi
F0,LONG,Bar_Range:hi + OBV_Macd:lo + Micro_TickIntensity:hi
F0,LONG,Bar_Range:hi + Slope_EMA_ST:lo + Micro_AutoCorr:hi
F0,LONG,Bars_Since_Flip:hi + Micro_CSSpread:hi + Upper_Wick:hi
F0,LONG,Bars_Since_Flip:hi + Micro_PriceAccel:lo + OR_Low_Side:==-1
F0,LONG,Bars_Since_Flip:hi + MultiDay_Position:lo + VWAP_Sigma_ATR:lo
F0,LONG,Bars_Since_Flip:hi + PrevDay_Low_Dist_ATR:lo + OR_Low_Side:==-1
F0,LONG,Bars_Since_Flip:hi + Round_500_Dist_ATR:lo + VA_Position:hi
F0,LONG,Bars_Since_Flip:hi + Slope_Accel_LT:hi + Micro_VPIN:lo
F0,LONG,Bars_Since_Flip:hi + Volume_Avg_10:hi + MultiDay_Position:lo
F0,LONG,Bars_Since_Flip:hi + Volume_Avg_10:hi + Session_Low_Dist_ATR:lo
F0,LONG,D2D_ATR:hi + AT_Slope_ST:lo + Bars_Since_Flip:hi
F0,LONG,D2D_ATR:hi + Micro_Rejection:lo + PrevDay_High_Dist_ATR:hi
F0,LONG,D2D_ATR_MA:hi + AT_Slope_ST:lo + Micro_VolOfVol:hi
F0,LONG,D2D_ATR_MA:hi + Micro_VPIN:lo + ST_Flip_Event:==-1
F0,LONG,D2D_ATR_MA:hi + OR_Position:lo + PrevDay_High_Side:==1
F0,LONG,D2D_Dynamic_Sensitivity:lo + OBV_Macd:lo + Micro_MicroGap:lo
F0,LONG,D2D_Persist:hi + PrevDay_Low_Side:==-1 + OR_Low_Side:==1
F0,LONG,DailyOpen_Dist_ATR:lo + VWAP_Side:==1 + OR_Low_Side:==-1
F0,LONG,Dist_To_PoC_ATR:lo + Micro_VolOfVol:lo + Round_1000_Dist_ATR:lo
F0,LONG,EMA_Oscillator:hi + AT_Regime_ST:==1 + PrevDay_Low_Side:==-1
F0,LONG,EMA_Oscillator:lo + Micro_HLAsymmetry:lo + AT_Regime_ST:==1
F0,LONG,Efficiency_Ratio:hi + Micro_RangeVelocity:lo + RangeOsc_State:==2
F0,LONG,KAMA_Dist:hi + AT_Regime_ST:==1 + PrevDay_Low_Side:==-1
F0,LONG,KAMA_Dist:lo + Micro_WickImbalance:hi + ADX_Rising:==0
F0,LONG,KAMA_Dist:lo + Micro_WickImbalance:hi + Harmonic_OBVf_Concordance:==0
F0,LONG,KAMA_Dist:lo + Micro_WickImbalance:hi + Lower_Wick:hi
F0,LONG,KAMA_Dist:lo + Micro_WickImbalance:hi + OR_High_Side:==-1
F0,LONG,KAMA_Dist:lo + Micro_WickImbalance:hi + PrevDay_High_Side:==-1
F0,LONG,KAMA_Dist:lo + Micro_WickImbalance:hi + Volume:hi
F0,LONG,KAMA_Dist:lo + Upper_Wick:hi + RangeOsc_State:==-1
F0,LONG,KAMA_Dist:lo + VWAP_Dist_ATR:lo + DailyOpen_Dist_ATR:lo
F0,LONG,KAMA_Dist:lo + VWAP_Dist_ATR:lo + OR_High_Side:==-1
F0,LONG,Micro_Amihud:hi + AT_Regime_ST:==1 + OR_Low_Side:==-1
F0,LONG,Micro_Amihud:lo + Micro_RangeAccel:lo + Micro_VPIN:hi
F0,LONG,Micro_AutoCorr:hi + Session_Low_Dist_ATR:lo + TChan_A15:hi
F0,LONG,Micro_Entropy:lo + DailyOpen_Side:==-1 + OR_High_Side:==1
F0,LONG,Micro_Entropy:lo + Micro_HLAsymmetry:lo + OR_Low_Side:==-1
F0,LONG,Micro_Entropy:lo + Micro_MomoTransfer:hi + Micro_RangeAccel:lo
F0,LONG,Micro_Entropy:lo + Micro_MomoTransfer:hi + Micro_RangeVelocity:lo
F0,LONG,Micro_GarmanKlass:hi + Micro_VolOfVol:hi + PrevDay_Close_Dist_ATR:hi
F0,LONG,Micro_HLAsymmetry:lo + Micro_LogReturn:hi + Micro_MicroGap:hi
F0,LONG,Micro_HLAsymmetry:lo + VWAP_Sigma:lo + OR_Position:hi
F0,LONG,Micro_IBSP:hi + DailyOpen_Side:==1 + OR_Low_Side:==-1
F0,LONG,Micro_IBSP:lo + VWAP_Sigma:lo + Volume:hi
F0,LONG,Micro_Lambda:lo + Micro_RollProxy:hi + RangeOsc_State:==2
F0,LONG,Micro_Lambda:lo + OR_Position:hi + PrevDay_Low_Side:==-1
F0,LONG,Micro_LogReturn:hi + Micro_TickIntensity:hi + Micro_VPIN:lo
F0,LONG,Micro_LogReturn:hi + Micro_TickIntensity:hi + Micro_VolOfVol:hi
F0,LONG,Micro_LogReturn:lo + Micro_PriceAccel:hi + ADX_Value:lo
F0,LONG,Micro_LogReturn:lo + Upper_Wick:hi + OR_High_Side:==0
F0,LONG,Micro_MicroGap:hi + Micro_ThrustEff:lo + OBVf_Signal:==-1
F0,LONG,Micro_MicroGap:lo + AT_Regime_ST:==1 + OR_Low_Side:==-1
F0,LONG,Micro_MomoTransfer:hi + Micro_RangeAccel:lo + AT_Regime_LT:==1
F0,LONG,Micro_MomoTransfer:hi + Micro_RangeVelocity:lo + AT_Regime_LT:==1
F0,LONG,Micro_MomoTransfer:lo + VWAP_Sigma:lo + Volume:hi
F0,LONG,Micro_OrderFlowDelta:hi + Micro_Rejection:lo + DailyOpen_Side:==-1
F0,LONG,Micro_OrderFlowDelta:hi + Micro_Rejection:lo + Lower_Wick:lo
F0,LONG,Micro_OrderFlowDelta:hi + Session_High_Dist_ATR:lo + PrevDay_Low_Side:==-1
F0,LONG,Micro_OrderFlowDelta:lo + PrevDay_High_Side:==1 + OR_Low_Side:==-1
F0,LONG,Micro_OrderFlowDelta:lo + Session_Low_Dist_ATR:lo + ADX_Value:hi
F0,LONG,Micro_PriceAccel:hi + VWAP_Sigma:hi + D2D_Signal:==1
F0,LONG,Micro_RangeVelocity:hi + Micro_TickIntensity:hi + Lower_Wick:hi
F0,LONG,Micro_RangeVelocity:lo + Sqz_State:==-1 + ST_Flip_Event:==-1
F0,LONG,Micro_Rejection:lo + AT_Regime_ST:==1 + PrevDay_Low_Side:==-1
F0,LONG,Micro_Rejection:lo + Session_Low_Dist_ATR:lo + OR_Low_Side:==1
F0,LONG,Micro_Rejection:lo + VWAP_Sigma:lo + Volume:hi
F0,LONG,Micro_VPIN:lo + Volume:hi + ST_Flip_Event:==-1
F0,LONG,Micro_VolOfVol:hi + AT_Regime_ST:==1 + OR_Low_Side:==-1
F0,LONG,Micro_WickImbalance:hi + Lower_Wick:lo + AT_Regime_LT:==1
F0,LONG,Momentum_Value:hi + Micro_CSSpread:lo + ST_Flip_Event:==1
F0,LONG,Momentum_Value:hi + Micro_Hurst:hi + AT_Regime_ST:==1
F0,LONG,Momentum_Value:hi + Micro_Hurst:hi + ST_Flip_Event:==1
F0,LONG,Momentum_Value:lo + Micro_FailedBreak:hi + Round_500_Dist_ATR:lo
F0,LONG,Momentum_Value:lo + Micro_VolOfVol:hi + Volume:hi
F0,LONG,OBV_Macd:lo + Efficiency_Ratio:hi + Micro_VPIN:lo
F0,LONG,OBV_Macd:lo + Harmonic_LLEMA:hi + Micro_Rejection:lo
F0,LONG,OBV_Macd:lo + Micro_Lambda:lo + Micro_RollProxy:hi
F0,LONG,OBV_Macd:lo + Micro_LogReturn:lo + Micro_Rejection:lo
F0,LONG,OBV_Macd:lo + Micro_MicroGap:hi + Micro_RollProxy:hi
F0,LONG,OBV_Macd:lo + Micro_OrderFlowDelta:lo + Micro_WickImbalance:hi
F0,LONG,OBV_Macd:lo + Micro_WickImbalance:lo + ADX_Value:hi
F0,LONG,OBV_Macd:lo + MultiDay_Slope:lo + Lower_Wick:hi
F0,LONG,OBV_Macd:lo + Sqz_State:==1 + RangeOsc_State:==-2
F0,LONG,OBV_Macd:lo + VA_Position:hi + AT_Regime_ST:==1
F0,LONG,OBV_Macd:lo + Volume_Ratio_10:hi + AT_Regime_ST:==1
F0,LONG,OBV_Velocity:hi + DailyOpen_Dist_ATR:lo + D2D_Signal:==1
F0,LONG,OBV_Velocity:hi + Micro_FractalDim:hi + OR_Low_Side:==-1
F0,LONG,PrevDay_High_Dist_ATR:lo + ADX_Rising:==1 + PrevDay_Low_Side:==-1
F0,LONG,PrevDay_High_Dist_ATR:lo + PrevDay_Close_Side:==-1 + WeeklyOpen_Side:==-1
F0,LONG,PrevDay_High_Dist_ATR:lo + PrevDay_Low_Side:==-1 + OR_Low_Side:==1
F0,LONG,PrevDay_High_Dist_ATR:lo + Sqz_State:==1 + PrevDay_Low_Side:==-1
F0,LONG,PrevDay_High_Dist_ATR:lo + VWAP_Side:==-1 + WeeklyOpen_Side:==-1
F0,LONG,RangeOsc_State:==-2 + OR_Low_Side:==-1 + WeeklyOpen_Side:==-1
F0,LONG,RangeOsc_Val:hi + OR_Position:lo + PrevDay_Low_Side:==1
F0,LONG,RangeOsc_Val:hi + Session_Low_Dist_ATR:lo + PrevDay_Close_Side:==-1
F0,LONG,Round_1000_Dist_ATR:lo + MultiDay_Position:hi + AT_Regime_LT:==1
F0,LONG,Round_500_Dist_ATR:lo + DailyOpen_Side:==1 + OR_Low_Side:==-1
F0,LONG,Session_High_Dist_ATR:lo + Volume:hi + D2D_Signal:==1
F0,LONG,Session_Low_Dist_ATR:lo + OR_Position:hi + DailyOpen_Side:==-1
F0,LONG,Session_Low_Dist_ATR:lo + OR_Position:hi + OR_High_Side:==-1
F0,LONG,Slope_Accel_LT:hi + AT_Regime_ST:==1 + OR_Low_Side:==-1
F0,LONG,Slope_Accel_LT:hi + Micro_TickIntensity:hi + PrevDay_Low_Side:==-1
F0,LONG,Slope_Accel_LT:hi + OBV_Macd:lo + Micro_TickIntensity:hi
F0,LONG,Slope_Accel_LT:hi + ST_Flip_Event:==-1 + OR_High_Side:==-1
F0,LONG,Slope_Accel_LT:hi + Sqz_State:==1 + RangeOsc_State:==-2
F0,LONG,Slope_Accel_LT:lo + Micro_HLAsymmetry:hi + Volume:hi
F0,LONG,Slope_Accel_LT:lo + Micro_Hurst:hi + Upper_Wick:hi
F0,LONG,Slope_Accel_LT:lo + Micro_LogReturn:hi + Micro_RangeVelocity:lo
F0,LONG,Slope_Accel_LT:lo + Micro_LogReturn:hi + OR_High_Side:==-1
F0,LONG,Slope_Accel_LT:lo + Micro_RollProxy:hi + PrevDay_High_Side:==1
F0,LONG,Slope_Accel_LT:lo + Micro_TickIntensity:lo + OR_High_Side:==-1
F0,LONG,Slope_Accel_LT:lo + Micro_VolOfVol:hi + Micro_WickImbalance:lo
F0,LONG,Slope_Accel_LT:lo + Round_100_Dist_ATR:lo + PrevDay_High_Side:==1
F0,LONG,Slope_Accel_LT:lo + Session_High_Dist_ATR:lo + OBVf_Signal:==-1
F0,LONG,Slope_Accel_ST:lo + Micro_VPIN:lo + ST_Flip_Event:==-1
F0,LONG,Slope_EMA_ST:hi + Micro_Rejection:lo + Session_Low_Dist_ATR:lo
F0,LONG,Slope_EMA_ST:lo + Lower_Wick:hi + RangeOsc_State:==-1
F0,LONG,Slope_EMA_ST:lo + Micro_FailedBreak:hi + Micro_WickImbalance:lo
F0,LONG,Slope_EMA_ST:lo + Micro_HLAsymmetry:hi + Micro_OrderFlowDelta:lo
F0,LONG,Slope_EMA_ST:lo + Micro_HLAsymmetry:hi + Micro_Rejection:lo
F0,LONG,Slope_EMA_ST:lo + Micro_Hurst:hi + PrevDay_High_Side:==-1
F0,LONG,Slope_EMA_ST:lo + Micro_Hurst:hi + VWAP_Side:==-1
F0,LONG,Slope_EMA_ST:lo + Micro_RangeAccel:hi + Micro_Rejection:lo
F0,LONG,Slope_EMA_ST:lo + Micro_RangeVelocity:hi + D2D_DirStep:==-1
F0,LONG,Slope_EMA_ST:lo + Micro_RangeVelocity:hi + OR_Low_Side:==-1
F0,LONG,Slope_EMA_ST:lo + Micro_RangeVelocity:lo + OR_Position:lo
F0,LONG,Slope_EMA_ST:lo + Micro_Rejection:lo + Micro_RollProxy:lo
F0,LONG,Slope_EMA_ST:lo + Micro_Rejection:lo + Round_100_Dist_ATR:lo
F0,LONG,Slope_EMA_ST:lo + Micro_VolOfVol:hi + AT_Regime_ST:==1
F0,LONG,Slope_EMA_ST:lo + Momentum_Value:hi + Micro_RangeVelocity:hi
F0,LONG,Slope_EMA_ST:lo + Session_High_Dist_ATR:lo + ADX_Rising:==0
F0,LONG,Sqz_Val:hi + Sqz_State:==1 + RangeOsc_State:==-2
F1,LONG,Sqz_Val:hi ->13-> Micro_OrderFlowDelta:lo
F0,LONG,Upper_Wick:hi + D2D_Signal:==1 + PoC_Side:==1
F0,LONG,VWAP_Dist_ATR:lo + D2D_Signal:==1 + VWAP_Side:==1
F0,LONG,Volume_Avg_10:hi + Micro_FailedBreak:hi + Micro_Rejection:lo
F0,LONG,Volume_Avg_10:hi + Micro_HLAsymmetry:lo + VWAP_Sigma:lo
F0,LONG,Volume_Avg_10:hi + Micro_OrderFlowDelta:lo + VWAP_Sigma:lo
F0,LONG,Volume_Avg_10:hi + Micro_Rejection:lo + PrevDay_High_Dist_ATR:hi
F0,LONG,Volume_Avg_10:hi + Micro_Rejection:lo + VWAP_Sigma:lo
F0,LONG,Volume_Avg_10:hi + Micro_WickImbalance:lo + VWAP_Sigma:lo
F0,LONG,Volume_Ratio_10:hi + Micro_AutoCorr:hi + TChan_A15:hi
F0,LONG,Volume_Ratio_10:hi + Micro_FractalDim:lo + TChan_A15:hi
F0,LONG,Volume_Ratio_10:hi + Micro_LogReturn:hi + Micro_TickIntensity:hi
F0,SHORT,ATR_1M:hi + Micro_CSSpread:hi + RangeOsc_State:==2
F0,SHORT,ATR_1M:hi + MultiDay_Slope:hi + RangeOsc_State:==2
F0,SHORT,AT_Lookback_LT:hi + Micro_Amihud:lo + Body_Size:hi
F0,SHORT,AT_Lookback_ST:hi + Sqz_Val:hi + Micro_TickIntensity:hi
F0,SHORT,AT_Score_LT:hi + Micro_Rejection:hi + RangeOsc_State:==-1
F0,SHORT,AT_Score_LT:hi + Volume_Avg_10:hi + OR_High_Side:==-1
F0,SHORT,AT_Score_LT:hi + Volume_Avg_10:hi + RangeOsc_State:==-1
F0,SHORT,AT_Score_LT:hi + Volume_Ratio_10:hi + Volume:hi
F0,SHORT,AT_Score_LT:lo + Micro_Lambda:hi + TChan_A15:hi
F0,SHORT,AT_Score_LT:lo + Micro_LogReturn:hi + Micro_PriceAccel:lo
F0,SHORT,AT_Score_LT:lo + Volume_Avg_10:hi + Micro_CSSpread:hi
F0,SHORT,AT_Slope_LT:hi + Micro_BarOverlap:hi + OBVf_Signal:==1
F0,SHORT,AT_Slope_LT:hi + Micro_MicroGap:hi + PrevDay_Low_Side:==-1
F0,SHORT,AT_Slope_ST:hi + Micro_BarEntropy:lo + DailyOpen_Side:==-1
F0,SHORT,AT_Slope_ST:hi + Micro_MicroGap:lo + Upper_Wick:hi
F0,SHORT,AT_Slope_ST:hi + OR_High_Dist_ATR:hi + Sqz_State:==-1
F0,SHORT,AT_Slope_ST:lo + OBV_Velocity:hi + Micro_BarOverlap:lo
F0,SHORT,AT_Slope_ST:lo + Sqz_Val:hi + Micro_CSSpread:lo
F0,SHORT,Bar_Range:hi + AT_Score_LT:hi + AT_Slope_ST:lo
F0,SHORT,Bar_Range:hi + Micro_Hurst:hi + PrevDay_Low_Dist_ATR:hi
F0,SHORT,Bar_Range:hi + Micro_RangeVelocity:lo + Lower_Wick:lo
F0,SHORT,Bar_Range:hi + PrevDay_Low_Dist_ATR:hi + PrevDay_High_Side:==1
F0,SHORT,Bars_Since_Flip:hi + Sqz_Val:hi + PrevDay_Close_Dist_ATR:hi
F0,SHORT,D2D_ATR:hi + AT_Score_LT:hi + RangeOsc_State:==-1
F0,SHORT,D2D_ATR:hi + WeeklyOpen_Dist_ATR:hi + PrevDay_High_Side:==1
F0,SHORT,D2D_ATR_MA:hi + Micro_MicroGap:lo + VWAP_Sigma:lo
F0,SHORT,D2D_ATR_MA:hi + Sqz_Val:hi + Session_High_Dist_ATR:hi
F0,SHORT,D2D_Dn_Count:hi + Micro_IBSP:lo + Micro_VolOfVol:lo
F0,SHORT,D2D_Dn_Count:hi + Slope_Accel_ST:lo + Micro_VolAccel:lo
F0,SHORT,D2D_Dynamic_Sensitivity:lo + EMA_Oscillator:lo + Lower_Wick:lo
F0,SHORT,D2D_Dynamic_Sensitivity:lo + Lower_Wick:lo + Volume:hi
F0,SHORT,D2D_Dynamic_Sensitivity:lo + Micro_IBSP:lo + Micro_WickImbalance:hi
F0,SHORT,D2D_Dynamic_Sensitivity:lo + OBV_Macd:lo + MultiDay_Slope:lo
F0,SHORT,D2D_Dynamic_Sensitivity:lo + RangeOsc_Val:lo + Volume_Avg_10:hi
F0,SHORT,D2D_Dynamic_Sensitivity:lo + Slope_Accel_LT:lo + MultiDay_Position:hi
F0,SHORT,D2D_Dynamic_Sensitivity:lo + Upper_Wick:hi + VAH_Side:==-1
F0,SHORT,D2D_Dynamic_Sensitivity:lo + Volume_Avg_10:hi + Efficiency_Ratio:hi
F0,SHORT,DailyOpen_Dist_ATR:lo + TChan_A15:hi + VAH_Side:==-1
F0,SHORT,DailyOpen_Dist_ATR:lo + VAH_Side:==0 + PrevDay_Low_Side:==1
F0,SHORT,EMA_Oscillator:lo + Micro_Hurst:hi + ADX_Value:lo
F0,SHORT,Efficiency_Ratio:hi + Micro_BarEntropy:hi + Body_Size:hi
F0,SHORT,Efficiency_Ratio:lo + DailyOpen_Side:==-1 + OR_High_Side:==1
F0,SHORT,Efficiency_Ratio:lo + PrevDay_Close_Side:==-1 + OR_High_Side:==1
F0,SHORT,KAMA_Dist:hi + Micro_IBSP:hi + OBVf_Signal:==1
F0,SHORT,Micro_AutoCorr:hi + VA_Position:hi + VWAP_Side:==-1
F0,SHORT,Micro_AutoCorr:lo + Micro_MicroGap:hi + Micro_MomoTransfer:hi
F0,SHORT,Micro_AutoCorr:lo + VAL_Side:==0 + WeeklyOpen_Side:==-1
F0,SHORT,Micro_BarEntropy:hi + Round_100_Dist_ATR:lo + PoC_Side:==0
F0,SHORT,Micro_BarEntropy:hi + WeeklyOpen_Dist_ATR:lo + VAH_Side:==0
F0,SHORT,Micro_BarEntropy:lo + Micro_Hurst:hi + Session_High_Dist_ATR:lo
F0,SHORT,Micro_BarOverlap:hi + Micro_HLAsymmetry:lo + PrevDay_High_Side:==1
F0,SHORT,Micro_BarOverlap:lo + Micro_OrderFlowDelta:hi + Micro_PriceAccel:lo
F0,SHORT,Micro_BarOverlap:lo + RangeOsc_State:==2 + OR_High_Side:==1
F0,SHORT,Micro_Entropy:lo + Micro_WickImbalance:lo + Lower_Wick:lo
F0,SHORT,Micro_Entropy:lo + Micro_WickImbalance:lo + VAL_Side:==0
F0,SHORT,Micro_Entropy:lo + PrevDay_High_Dist_ATR:lo + VWAP_Z:lo
F0,SHORT,Micro_FailedBreak:lo + Micro_FractalDim:lo + Micro_HLAsymmetry:hi
F0,SHORT,Micro_FailedBreak:lo + Micro_HLAsymmetry:hi + Micro_VolAccel:hi
F0,SHORT,Micro_FailedBreak:lo + Micro_PriceAccel:hi + VAH_Side:==-1
F0,SHORT,Micro_GarmanKlass:hi + WeeklyOpen_Dist_ATR:hi + PrevDay_High_Side:==1
F0,SHORT,Micro_HLAsymmetry:hi + Micro_Hurst:lo + DailyOpen_Dist_ATR:hi
F0,SHORT,Micro_HLAsymmetry:hi + MultiDay_Slope:hi + RangeOsc_State:==2
F0,SHORT,Micro_HLAsymmetry:lo + Micro_Hurst:hi + Session_High_Dist_ATR:lo
F0,SHORT,Micro_HLAsymmetry:lo + Micro_LogReturn:hi + MultiDay_Slope:hi
F0,SHORT,Micro_Hurst:hi + Micro_Lambda:hi + Micro_RangeVelocity:lo
F0,SHORT,Micro_IBSP:hi + Micro_VolAccel:hi + VWAP_Z:lo
F0,SHORT,Micro_IBSP:lo + Micro_PriceAccel:hi + Session_High_Dist_ATR:lo
F0,SHORT,Micro_LogReturn:hi + Micro_ThrustEff:lo + MultiDay_Slope:hi
F0,SHORT,Micro_LogReturn:lo + WeeklyOpen_Dist_ATR:hi + Lower_Wick:hi
F0,SHORT,Micro_MicroGap:hi + Micro_ThrustEff:lo + D2D_Signal:==-1
F0,SHORT,Micro_MicroGap:lo + Micro_OrderFlowDelta:lo + VWAP_Sigma:lo
F0,SHORT,Micro_MomoTransfer:hi + Micro_OrderFlowDelta:lo + Micro_Rejection:hi
F0,SHORT,Micro_MomoTransfer:hi + Micro_RangeAccel:lo + OBVf_Signal:==1
F0,SHORT,Micro_MomoTransfer:hi + Micro_WickImbalance:lo + VAL_Side:==0
F0,SHORT,Micro_OrderFlowDelta:lo + PrevDay_High_Dist_ATR:lo + VAH_Side:==0
F0,SHORT,Micro_PriceAccel:lo + Micro_RangeAccel:lo + VAL_Side:==0
F0,SHORT,Micro_RangeAccel:lo + VWAP_Dist_ATR:lo + D2D_Signal:==-1
F0,SHORT,Micro_RangeAccel:lo + VWAP_Sigma_ATR:lo + D2D_Signal:==-1
F0,SHORT,Micro_RangeVelocity:lo + Lower_Wick:lo + AT_Regime_ST:==0
F0,SHORT,Micro_VolAccel:hi + Body_Size:lo + OR_Low_Side:==-1
F0,SHORT,Micro_VolOfVol:lo + VWAP_Sigma_ATR:lo + D2D_Signal:==-1
F0,SHORT,Momentum_Value:hi + Micro_VolAccel:lo + RangeOsc_State:==2
F0,SHORT,Momentum_Value:hi + Session_High_Dist_ATR:hi + TChan_A15:hi
F0,SHORT,OBV_Velocity:hi + Micro_RollProxy:hi + PrevDay_High_Dist_ATR:lo
F0,SHORT,OBV_Velocity:lo + Micro_TickIntensity:hi + VAL_Side:==0
F0,SHORT,OBV_Velocity:lo + Micro_TickIntensity:lo + PoC_Side:==0
F0,SHORT,OBVf_DirStepCount:hi + VAL_Side:==0 + WeeklyOpen_Side:==-1
F0,SHORT,PrevDay_Close_Dist_ATR:lo + VWAP_Side:==1 + PrevDay_High_Side:==1
F0,SHORT,Round_500_Dist_ATR:lo + RangeOsc_State:==2 + PrevDay_Close_Side:==-1
F0,SHORT,Slope_Accel_LT:hi + RangeOsc_Val:lo + Dist_To_PoC_ATR:lo
F0,SHORT,Slope_Accel_LT:hi + RangeOsc_Val:lo + Micro_LogReturn:lo
F0,SHORT,Slope_Accel_LT:lo + Micro_OrderFlowDelta:hi + PoC_Side:==0
F0,SHORT,Slope_Accel_LT:lo + Micro_Rejection:hi + PrevDay_High_Side:==1
F0,SHORT,Slope_Accel_LT:lo + Sqz_Val:hi + Micro_CSSpread:lo
F0,SHORT,Slope_Accel_ST:lo + Volume_Avg_10:hi + VAL_Side:==-1
F0,SHORT,Slope_EMA_LT:hi + Micro_VPIN:lo + RangeOsc_State:==-1
F0,SHORT,Slope_EMA_ST:hi + Micro_MicroGap:hi + OBVf_Signal:==1
F0,SHORT,Slope_EMA_ST:hi + Slope_Accel_ST:hi + VA_Position:hi
F0,SHORT,Slope_EMA_ST:lo + Micro_ThrustEff:hi + ADX_Value:lo
F0,SHORT,Slope_EMA_ST:lo + OBV_Velocity:hi + Micro_BarOverlap:lo
F0,SHORT,Sqz_Val:hi + Micro_OrderFlowDelta:hi + Session_High_Dist_ATR:hi
F0,SHORT,Sqz_Val:hi + Micro_TickIntensity:hi + Session_High_Dist_ATR:hi
F0,SHORT,Sqz_Val:hi + Volume_Avg_10:hi + PrevDay_Close_Dist_ATR:hi
F0,SHORT,Volume_Avg_10:hi + Body_Size:hi + VWAP_Sigma:lo
F0,SHORT,Volume_Ratio_10:hi + VWAP_Sigma:hi + RangeOsc_State:==-2
F0,SHORT,Volume_Ratio_10:lo + Micro_RollProxy:lo + Volume:hi
