tag,loss_events,worst_bar,worst_day,losing_weeks,weeks,days,loss_days,entry_bars,trades,WR,PF,BE_WR,MARGIN,net,lots_per_bar_mean,max_concurrent,breach_2500,k,convention,status,trial_no,rule_bars_LONG,rule_bars_LONG_in_297,rule_LONG_T,G_LONG,rule_bars_SHORT,rule_bars_SHORT_in_297,rule_SHORT_T,G_SHORT,window,j,fold
FULLAB_j1_ONE,180,-306.0,-565.4,10,26,126,98,985,985,81.73,1.19,78.98,2.74,4925.0,1.0,2,0,2,ONE,OK,2,791,239,"['AT_Score_ST:lo', 'Slope_EMA_ST:lo', 'D2D_Signal:==1', 'D2D_Up_Count:hi', 'EMA_Oscillator:lo', 'AT_Slope_ST:lo']","['D2D_ATR:hi', 'Volume:hi', 'ATR_1M:hi']",580.0,80.0,"['AT_Score_LT:hi', 'D2D_Signal:==-1', 'VAL_Side:==0', 'D2D_Dn_Count:hi', 'EMA_Oscillator:hi', 'D2D_Dynamic_Sensitivity:lo']","['ATR_1M:hi', 'Volume:hi', 'D2D_ATR:hi']",FULL,1,
FULLAB_j1_RR,240,-306.0,-1189.6,9,26,126,103,1371,1371,82.49,1.3,78.34,4.16,9757.7,1.0,7,0,2,RR,OK,3,791,239,"['AT_Score_ST:lo', 'Slope_EMA_ST:lo', 'D2D_Signal:==1', 'D2D_Up_Count:hi', 'EMA_Oscillator:lo', 'AT_Slope_ST:lo']","['D2D_ATR:hi', 'Volume:hi', 'ATR_1M:hi']",580.0,80.0,"['AT_Score_LT:hi', 'D2D_Signal:==-1', 'VAL_Side:==0', 'D2D_Dn_Count:hi', 'EMA_Oscillator:hi', 'D2D_Dynamic_Sensitivity:lo']","['ATR_1M:hi', 'Volume:hi', 'D2D_ATR:hi']",FULL,1,
FULLAB_j2_ONE,138,-306.0,-528.7,8,26,123,83,779,779,82.28,1.36,77.37,4.91,7115.1,1.0,2,0,2,ONE,OK,4,667,224,"['AT_Score_ST:lo', 'Slope_EMA_ST:lo', 'D2D_Signal:==1', 'D2D_Up_Count:hi', 'EMA_Oscillator:lo', 'AT_Slope_ST:lo']","['D2D_ATR:hi', 'Volume:hi', 'ATR_1M:hi']",452.0,67.0,"['AT_Score_LT:hi', 'D2D_Signal:==-1', 'VAL_Side:==0', 'D2D_Dn_Count:hi', 'EMA_Oscillator:hi', 'D2D_Dynamic_Sensitivity:lo']","['ATR_1M:hi', 'Volume:hi', 'D2D_ATR:hi']",FULL,2,
FULLAB_j2_RR,190,-306.0,-1206.6,7,26,123,91,1119,1119,83.02,1.46,77.0,6.02,11808.1,1.0,7,0,2,RR,OK,5,667,224,"['AT_Score_ST:lo', 'Slope_EMA_ST:lo', 'D2D_Signal:==1', 'D2D_Up_Count:hi', 'EMA_Oscillator:lo', 'AT_Slope_ST:lo']","['D2D_ATR:hi', 'Volume:hi', 'ATR_1M:hi']",452.0,67.0,"['AT_Score_LT:hi', 'D2D_Signal:==-1', 'VAL_Side:==0', 'D2D_Dn_Count:hi', 'EMA_Oscillator:hi', 'D2D_Dynamic_Sensitivity:lo']","['ATR_1M:hi', 'Volume:hi', 'D2D_ATR:hi']",FULL,2,
FULLAB_j3_ONE,105,-306.0,-516.3,8,26,118,71,589,589,82.17,1.49,75.62,6.55,7212.1,1.0,2,0,2,ONE,OK,6,528,194,"['AT_Score_ST:lo', 'Slope_EMA_ST:lo', 'D2D_Signal:==1', 'D2D_Up_Count:hi', 'EMA_Oscillator:lo', 'AT_Slope_ST:lo']","['D2D_ATR:hi', 'Volume:hi', 'ATR_1M:hi']",346.0,60.0,"['AT_Score_LT:hi', 'D2D_Signal:==-1', 'VAL_Side:==0', 'D2D_Dn_Count:hi', 'EMA_Oscillator:hi', 'D2D_Dynamic_Sensitivity:lo']","['ATR_1M:hi', 'Volume:hi', 'D2D_ATR:hi']",FULL,3,
FULLAB_j3_RR,152,-306.0,-802.2,8,26,118,79,874,874,82.61,1.56,75.25,7.36,11227.8,1.0,7,0,2,RR,OK,7,528,194,"['AT_Score_ST:lo', 'Slope_EMA_ST:lo', 'D2D_Signal:==1', 'D2D_Up_Count:hi', 'EMA_Oscillator:lo', 'AT_Slope_ST:lo']","['D2D_ATR:hi', 'Volume:hi', 'ATR_1M:hi']",346.0,60.0,"['AT_Score_LT:hi', 'D2D_Signal:==-1', 'VAL_Side:==0', 'D2D_Dn_Count:hi', 'EMA_Oscillator:hi', 'D2D_Dynamic_Sensitivity:lo']","['ATR_1M:hi', 'Volume:hi', 'D2D_ATR:hi']",FULL,3,
WFAB_2026.02_j1_ONE,5,-153.0,-63.6,0,4,13,4,61,61,91.8,3.85,74.4,17.4,1397.3,1.0,1,0,2,ONE,OK,8,166,37,"['VWAP_Side:==-1', 'Harmonic_D2D_Concordance:==0', 'Harmonic_OBVf_Concordance:==0', 'OR_High_Side:==-1', 'Sqz_State:==1', 'PrevDay_Close_Side:==-1']","['Volume:hi', 'ATR_1M:hi', 'Micro_Hurst:hi']",,,,,2026.02,1,Feb
WFAB_2026.02_j1_RR,19,-153.0,-43.5,0,4,13,10,166,166,88.55,2.41,76.24,12.31,2481.8,1.0,8,0,2,RR,OK,9,166,37,"['VWAP_Side:==-1', 'Harmonic_D2D_Concordance:==0', 'Harmonic_OBVf_Concordance:==0', 'OR_High_Side:==-1', 'Sqz_State:==1', 'PrevDay_Close_Side:==-1']","['Volume:hi', 'ATR_1M:hi', 'Micro_Hurst:hi']",,,,,2026.02,1,Feb
WFAB_2026.02_j2_ONE,5,-153.0,-0.5,0,4,12,4,48,48,89.58,3.53,70.9,18.69,1131.8,1.0,1,0,2,ONE,OK,10,127,35,"['VWAP_Side:==-1', 'Harmonic_D2D_Concordance:==0', 'Harmonic_OBVf_Concordance:==0', 'OR_High_Side:==-1', 'Sqz_State:==1', 'PrevDay_Close_Side:==-1']","['Volume:hi', 'ATR_1M:hi', 'Micro_Hurst:hi']",,,,,2026.02,2,Feb
WFAB_2026.02_j2_RR,17,-153.0,-124.4,0,4,12,8,127,127,86.61,2.3,73.76,12.86,1986.4,1.0,6,0,2,RR,OK,11,127,35,"['VWAP_Side:==-1', 'Harmonic_D2D_Concordance:==0', 'Harmonic_OBVf_Concordance:==0', 'OR_High_Side:==-1', 'Sqz_State:==1', 'PrevDay_Close_Side:==-1']","['Volume:hi', 'ATR_1M:hi', 'Micro_Hurst:hi']",,,,,2026.02,2,Feb
WFAB_2026.02_j3_ONE,3,-64.3,-90.7,1,4,7,2,13,13,76.92,1.94,63.17,13.75,157.1,1.0,1,0,2,ONE,OK,12,17,4,"['VWAP_Side:==-1', 'Harmonic_D2D_Concordance:==0', 'Harmonic_OBVf_Concordance:==0', 'OR_High_Side:==-1', 'Sqz_State:==1', 'PrevDay_Close_Side:==-1']","['Volume:hi', 'ATR_1M:hi', 'Micro_Hurst:hi']",,,,,2026.02,3,Feb
WFAB_2026.02_j3_RR,4,-100.8,-191.5,1,4,7,2,17,17,76.47,1.46,68.99,7.48,123.1,1.0,2,0,2,RR,OK,13,17,4,"['VWAP_Side:==-1', 'Harmonic_D2D_Concordance:==0', 'Harmonic_OBVf_Concordance:==0', 'OR_High_Side:==-1', 'Sqz_State:==1', 'PrevDay_Close_Side:==-1']","['Volume:hi', 'ATR_1M:hi', 'Micro_Hurst:hi']",,,,,2026.02,3,Feb
WFAB_2026.03_j1_ONE,82,-306.0,-596.1,3,5,22,22,377,377,78.25,0.95,79.11,-0.86,-434.7,1.0,2,0,2,ONE,OK,14,96,21,"['D2D_Up_Count:hi', 'D2D_Signal:==1', 'AT_Score_ST:lo', 'Slope_EMA_ST:lo', 'AT_Slope_ST:lo', 'AT_Score_LT:lo']","['Micro_Hurst:hi', 'D2D_Persist:hi', 'Efficiency_Ratio:hi']",788.0,47.0,"['Sqz_Val:hi', 'Momentum_Value:hi', 'Micro_Hurst:hi', 'OBVf_Signal:==1', 'OBVf_Trend_Dir:==1', 'Trend_Concordance:==0']","['Volume:hi', 'Micro_Hurst:hi', 'D2D_Persist:hi']",2026.03,1,Mar
WFAB_2026.03_j1_RR,166,-306.0,-976.1,2,5,23,22,884,884,81.22,1.12,79.39,1.84,2136.2,1.0,9,0,2,RR,OK,15,96,21,"['D2D_Up_Count:hi', 'D2D_Signal:==1', 'AT_Score_ST:lo', 'Slope_EMA_ST:lo', 'AT_Slope_ST:lo', 'AT_Score_LT:lo']","['Micro_Hurst:hi', 'D2D_Persist:hi', 'Efficiency_Ratio:hi']",788.0,47.0,"['Sqz_Val:hi', 'Momentum_Value:hi', 'Micro_Hurst:hi', 'OBVf_Signal:==1', 'OBVf_Trend_Dir:==1', 'Trend_Concordance:==0']","['Volume:hi', 'Micro_Hurst:hi', 'D2D_Persist:hi']",2026.03,1,Mar
WFAB_2026.03_j2_ONE,23,-235.4,-355.5,4,5,21,13,106,106,78.3,0.9,80.0,-1.7,-247.5,1.0,2,0,2,ONE,OK,16,18,7,"['D2D_Up_Count:hi', 'D2D_Signal:==1', 'AT_Score_ST:lo', 'Slope_EMA_ST:lo', 'AT_Slope_ST:lo', 'AT_Score_LT:lo']","['Micro_Hurst:hi', 'D2D_Persist:hi', 'Efficiency_Ratio:hi']",187.0,17.0,"['Sqz_Val:hi', 'Momentum_Value:hi', 'Micro_Hurst:hi', 'OBVf_Signal:==1', 'OBVf_Trend_Dir:==1', 'Trend_Concordance:==0']","['Volume:hi', 'Micro_Hurst:hi', 'D2D_Persist:hi']",2026.03,2,Mar
WFAB_2026.03_j2_RR,37,-235.4,-691.3,2,5,22,14,205,205,81.95,1.1,80.52,1.43,402.7,1.0,6,0,2,RR,OK,17,18,7,"['D2D_Up_Count:hi', 'D2D_Signal:==1', 'AT_Score_ST:lo', 'Slope_EMA_ST:lo', 'AT_Slope_ST:lo', 'AT_Score_LT:lo']","['Micro_Hurst:hi', 'D2D_Persist:hi', 'Efficiency_Ratio:hi']",187.0,17.0,"['Sqz_Val:hi', 'Momentum_Value:hi', 'Micro_Hurst:hi', 'OBVf_Signal:==1', 'OBVf_Trend_Dir:==1', 'Trend_Concordance:==0']","['Volume:hi', 'Micro_Hurst:hi', 'D2D_Persist:hi']",2026.03,2,Mar
WFAB_2026.03_j3_ONE,0,10.6,10.6,0,3,3,0,4,4,100.0,inf,0.0,100.0,49.4,1.0,1,0,2,ONE,OK,18,2,1,"['D2D_Up_Count:hi', 'D2D_Signal:==1', 'AT_Score_ST:lo', 'Slope_EMA_ST:lo', 'AT_Slope_ST:lo', 'AT_Score_LT:lo']","['Micro_Hurst:hi', 'D2D_Persist:hi', 'Efficiency_Ratio:hi']",3.0,0.0,"['Sqz_Val:hi', 'Momentum_Value:hi', 'Micro_Hurst:hi', 'OBVf_Signal:==1', 'OBVf_Trend_Dir:==1', 'Trend_Concordance:==0']","['Volume:hi', 'Micro_Hurst:hi', 'D2D_Persist:hi']",2026.03,3,Mar
WFAB_2026.03_j3_RR,0,9.5,10.6,0,3,3,0,5,5,100.0,inf,0.0,100.0,58.9,1.0,2,0,2,RR,OK,19,2,1,"['D2D_Up_Count:hi', 'D2D_Signal:==1', 'AT_Score_ST:lo', 'Slope_EMA_ST:lo', 'AT_Slope_ST:lo', 'AT_Score_LT:lo']","['Micro_Hurst:hi', 'D2D_Persist:hi', 'Efficiency_Ratio:hi']",3.0,0.0,"['Sqz_Val:hi', 'Momentum_Value:hi', 'Micro_Hurst:hi', 'OBVf_Signal:==1', 'OBVf_Trend_Dir:==1', 'Trend_Concordance:==0']","['Volume:hi', 'Micro_Hurst:hi', 'D2D_Persist:hi']",2026.03,3,Mar
WFAB_2026.04_j1_ONE,21,-306.0,-418.5,2,5,22,14,145,145,85.52,1.29,82.03,3.48,907.4,1.0,2,0,2,ONE,OK,20,67,20,"['AT_Score_ST:lo', 'Slope_EMA_ST:lo', 'D2D_Up_Count:hi', 'D2D_Signal:==1', 'AT_Slope_ST:lo', 'KAMA_Dist:lo']","['Volume:hi', 'Bars_Since_Flip:hi', 'ATR_1M:hi']",128.0,20.0,"['D2D_Signal:==-1', 'D2D_Dn_Count:hi', 'AT_Score_LT:hi', 'KAMA_Dist:hi', 'D2D_Dynamic_Sensitivity:lo', 'OBV_Velocity:hi']","['Volume:hi', 'D2D_ATR:hi', 'ATR_1M:hi']",2026.04,1,Apr
WFAB_2026.04_j1_RR,30,-306.0,-503.7,2,5,22,14,195,195,84.62,1.25,81.48,3.14,1036.3,1.0,6,0,2,RR,OK,21,67,20,"['AT_Score_ST:lo', 'Slope_EMA_ST:lo', 'D2D_Up_Count:hi', 'D2D_Signal:==1', 'AT_Slope_ST:lo', 'KAMA_Dist:lo']","['Volume:hi', 'Bars_Since_Flip:hi', 'ATR_1M:hi']",128.0,20.0,"['D2D_Signal:==-1', 'D2D_Dn_Count:hi', 'AT_Score_LT:hi', 'KAMA_Dist:hi', 'D2D_Dynamic_Sensitivity:lo', 'OBV_Velocity:hi']","['Volume:hi', 'D2D_ATR:hi', 'ATR_1M:hi']",2026.04,1,Apr
WFAB_2026.04_j2_ONE,16,-306.0,-392.8,1,5,22,11,116,116,86.21,1.41,81.58,4.62,990.7,1.0,2,0,2,ONE,OK,22,48,18,"['AT_Score_ST:lo', 'Slope_EMA_ST:lo', 'D2D_Up_Count:hi', 'D2D_Signal:==1', 'AT_Slope_ST:lo', 'KAMA_Dist:lo']","['Volume:hi', 'Bars_Since_Flip:hi', 'ATR_1M:hi']",106.0,18.0,"['D2D_Signal:==-1', 'D2D_Dn_Count:hi', 'AT_Score_LT:hi', 'KAMA_Dist:hi', 'D2D_Dynamic_Sensitivity:lo', 'OBV_Velocity:hi']","['Volume:hi', 'D2D_ATR:hi', 'ATR_1M:hi']",2026.04,2,Apr
WFAB_2026.04_j2_RR,23,-306.0,-540.0,2,5,22,11,154,154,85.06,1.36,80.74,4.33,1159.9,1.0,5,0,2,RR,OK,23,48,18,"['AT_Score_ST:lo', 'Slope_EMA_ST:lo', 'D2D_Up_Count:hi', 'D2D_Signal:==1', 'AT_Slope_ST:lo', 'KAMA_Dist:lo']","['Volume:hi', 'Bars_Since_Flip:hi', 'ATR_1M:hi']",106.0,18.0,"['D2D_Signal:==-1', 'D2D_Dn_Count:hi', 'AT_Score_LT:hi', 'KAMA_Dist:hi', 'D2D_Dynamic_Sensitivity:lo', 'OBV_Velocity:hi']","['Volume:hi', 'D2D_ATR:hi', 'ATR_1M:hi']",2026.04,2,Apr
WFAB_2026.04_j3_ONE,9,-153.0,-153.0,2,5,20,9,57,57,84.21,1.21,81.46,2.75,285.3,1.0,2,0,2,ONE,OK,24,11,6,"['AT_Score_ST:lo', 'Slope_EMA_ST:lo', 'D2D_Up_Count:hi', 'D2D_Signal:==1', 'AT_Slope_ST:lo', 'KAMA_Dist:lo']","['Volume:hi', 'Bars_Since_Flip:hi', 'ATR_1M:hi']",66.0,12.0,"['D2D_Signal:==-1', 'D2D_Dn_Count:hi', 'AT_Score_LT:hi', 'KAMA_Dist:hi', 'D2D_Dynamic_Sensitivity:lo', 'OBV_Velocity:hi']","['Volume:hi', 'D2D_ATR:hi', 'ATR_1M:hi']",2026.04,3,Apr
WFAB_2026.04_j3_RR,13,-153.0,-201.2,2,5,20,9,77,77,83.12,1.26,79.58,3.54,463.1,1.0,4,0,2,RR,OK,25,11,6,"['AT_Score_ST:lo', 'Slope_EMA_ST:lo', 'D2D_Up_Count:hi', 'D2D_Signal:==1', 'AT_Slope_ST:lo', 'KAMA_Dist:lo']","['Volume:hi', 'Bars_Since_Flip:hi', 'ATR_1M:hi']",66.0,12.0,"['D2D_Signal:==-1', 'D2D_Dn_Count:hi', 'AT_Score_LT:hi', 'KAMA_Dist:hi', 'D2D_Dynamic_Sensitivity:lo', 'OBV_Velocity:hi']","['Volume:hi', 'D2D_ATR:hi', 'ATR_1M:hi']",2026.04,3,Apr
WFAB_2026.05_j1_ONE,26,-306.0,-519.7,3,5,20,17,145,145,82.07,1.21,79.03,3.04,761.0,1.0,2,0,2,ONE,OK,26,98,31,"['AT_Score_ST:lo', 'D2D_Up_Count:hi', 'D2D_Signal:==1', 'Slope_EMA_ST:lo', 'AT_Slope_ST:lo', 'KAMA_Dist:lo']","['Volume:hi', 'ATR_1M:hi', 'Micro_GarmanKlass:hi']",115.0,8.0,"['AT_Score_LT:hi', 'D2D_Signal:==-1', 'D2D_Dn_Count:hi', 'EMA_Oscillator:hi', 'D2D_Dynamic_Sensitivity:lo', 'KAMA_Dist:hi']","['ATR_1M:hi', 'Volume:hi', 'D2D_ATR:hi']",2026.05,1,May
WFAB_2026.05_j1_RR,34,-306.0,-389.1,1,5,20,18,213,213,84.04,1.36,79.53,4.51,1533.7,1.0,5,0,2,RR,OK,27,98,31,"['AT_Score_ST:lo', 'D2D_Up_Count:hi', 'D2D_Signal:==1', 'Slope_EMA_ST:lo', 'AT_Slope_ST:lo', 'KAMA_Dist:lo']","['Volume:hi', 'ATR_1M:hi', 'Micro_GarmanKlass:hi']",115.0,8.0,"['AT_Score_LT:hi', 'D2D_Signal:==-1', 'D2D_Dn_Count:hi', 'EMA_Oscillator:hi', 'D2D_Dynamic_Sensitivity:lo', 'KAMA_Dist:hi']","['ATR_1M:hi', 'Volume:hi', 'D2D_ATR:hi']",2026.05,1,May
WFAB_2026.05_j2_ONE,17,-306.0,-501.3,2,5,20,11,117,117,85.47,1.7,77.56,7.91,1589.3,1.0,2,0,2,ONE,OK,28,78,30,"['AT_Score_ST:lo', 'D2D_Up_Count:hi', 'D2D_Signal:==1', 'Slope_EMA_ST:lo', 'AT_Slope_ST:lo', 'KAMA_Dist:lo']","['Volume:hi', 'ATR_1M:hi', 'Micro_GarmanKlass:hi']",95.0,8.0,"['AT_Score_LT:hi', 'D2D_Signal:==-1', 'D2D_Dn_Count:hi', 'EMA_Oscillator:hi', 'D2D_Dynamic_Sensitivity:lo', 'KAMA_Dist:hi']","['ATR_1M:hi', 'Volume:hi', 'D2D_ATR:hi']",2026.05,2,May
WFAB_2026.05_j2_RR,24,-306.0,-407.2,2,5,20,13,173,173,86.13,1.75,77.98,8.15,2249.7,1.0,5,0,2,RR,OK,29,78,30,"['AT_Score_ST:lo', 'D2D_Up_Count:hi', 'D2D_Signal:==1', 'Slope_EMA_ST:lo', 'AT_Slope_ST:lo', 'KAMA_Dist:lo']","['Volume:hi', 'ATR_1M:hi', 'Micro_GarmanKlass:hi']",95.0,8.0,"['AT_Score_LT:hi', 'D2D_Signal:==-1', 'D2D_Dn_Count:hi', 'EMA_Oscillator:hi', 'D2D_Dynamic_Sensitivity:lo', 'KAMA_Dist:hi']","['ATR_1M:hi', 'Volume:hi', 'D2D_ATR:hi']",2026.05,2,May
WFAB_2026.05_j3_ONE,12,-153.0,-195.3,1,5,19,9,86,86,86.05,2.27,73.07,12.98,1868.6,1.0,2,0,2,ONE,OK,30,53,21,"['AT_Score_ST:lo', 'D2D_Up_Count:hi', 'D2D_Signal:==1', 'Slope_EMA_ST:lo', 'AT_Slope_ST:lo', 'KAMA_Dist:lo']","['Volume:hi', 'ATR_1M:hi', 'Micro_GarmanKlass:hi']",79.0,8.0,"['AT_Score_LT:hi', 'D2D_Signal:==-1', 'D2D_Dn_Count:hi', 'EMA_Oscillator:hi', 'D2D_Dynamic_Sensitivity:lo', 'KAMA_Dist:hi']","['ATR_1M:hi', 'Volume:hi', 'D2D_ATR:hi']",2026.05,3,May
WFAB_2026.05_j3_RR,18,-153.0,-116.7,1,5,19,11,132,132,86.36,2.14,74.71,11.66,2445.8,1.0,5,0,2,RR,OK,31,53,21,"['AT_Score_ST:lo', 'D2D_Up_Count:hi', 'D2D_Signal:==1', 'Slope_EMA_ST:lo', 'AT_Slope_ST:lo', 'KAMA_Dist:lo']","['Volume:hi', 'ATR_1M:hi', 'Micro_GarmanKlass:hi']",79.0,8.0,"['AT_Score_LT:hi', 'D2D_Signal:==-1', 'D2D_Dn_Count:hi', 'EMA_Oscillator:hi', 'D2D_Dynamic_Sensitivity:lo', 'KAMA_Dist:hi']","['ATR_1M:hi', 'Volume:hi', 'D2D_ATR:hi']",2026.05,3,May
WFAB_2026.06_j1_ONE,36,-306.0,-368.7,2,5,22,19,181,181,80.11,1.12,78.31,1.8,515.9,1.0,2,0,2,ONE,OK,32,179,55,"['AT_Score_ST:lo', 'D2D_Signal:==1', 'Slope_EMA_ST:lo', 'D2D_Up_Count:hi', 'AT_Slope_ST:lo', 'EMA_Oscillator:lo']","['Volume:hi', 'ATR_1M:hi', 'D2D_ATR:hi']",81.0,8.0,"['AT_Score_LT:hi', 'D2D_Signal:==-1', 'D2D_Dn_Count:hi', 'VAL_Side:==0', 'EMA_Oscillator:hi', 'D2D_Dynamic_Sensitivity:lo']","['ATR_1M:hi', 'Volume:hi', 'D2D_ATR:hi']",2026.06,1,Jun(1-25)
WFAB_2026.06_j1_RR,54,-306.0,-775.8,3,5,22,19,260,260,79.23,1.19,76.22,3.01,1198.3,1.0,7,0,2,RR,OK,33,179,55,"['AT_Score_ST:lo', 'D2D_Signal:==1', 'Slope_EMA_ST:lo', 'D2D_Up_Count:hi', 'AT_Slope_ST:lo', 'EMA_Oscillator:lo']","['Volume:hi', 'ATR_1M:hi', 'D2D_ATR:hi']",81.0,8.0,"['AT_Score_LT:hi', 'D2D_Signal:==-1', 'D2D_Dn_Count:hi', 'VAL_Side:==0', 'EMA_Oscillator:hi', 'D2D_Dynamic_Sensitivity:lo']","['ATR_1M:hi', 'Volume:hi', 'D2D_ATR:hi']",2026.06,1,Jun(1-25)
WFAB_2026.06_j2_ONE,25,-306.0,-254.3,2,5,21,17,142,142,82.39,1.41,76.84,5.55,1292.1,1.0,2,0,2,ONE,OK,34,157,53,"['AT_Score_ST:lo', 'D2D_Signal:==1', 'Slope_EMA_ST:lo', 'D2D_Up_Count:hi', 'AT_Slope_ST:lo', 'EMA_Oscillator:lo']","['Volume:hi', 'ATR_1M:hi', 'D2D_ATR:hi']",59.0,6.0,"['AT_Score_LT:hi', 'D2D_Signal:==-1', 'D2D_Dn_Count:hi', 'VAL_Side:==0', 'EMA_Oscillator:hi', 'D2D_Dynamic_Sensitivity:lo']","['ATR_1M:hi', 'Volume:hi', 'D2D_ATR:hi']",2026.06,2,Jun(1-25)
WFAB_2026.06_j2_RR,43,-306.0,-775.8,2,5,21,18,216,216,80.09,1.38,74.51,5.58,1872.2,1.0,7,0,2,RR,OK,35,157,53,"['AT_Score_ST:lo', 'D2D_Signal:==1', 'Slope_EMA_ST:lo', 'D2D_Up_Count:hi', 'AT_Slope_ST:lo', 'EMA_Oscillator:lo']","['Volume:hi', 'ATR_1M:hi', 'D2D_ATR:hi']",59.0,6.0,"['AT_Score_LT:hi', 'D2D_Signal:==-1', 'D2D_Dn_Count:hi', 'VAL_Side:==0', 'EMA_Oscillator:hi', 'D2D_Dynamic_Sensitivity:lo']","['ATR_1M:hi', 'Volume:hi', 'D2D_ATR:hi']",2026.06,2,Jun(1-25)
WFAB_2026.06_j3_ONE,23,-306.0,-293.3,2,5,21,16,112,112,79.46,1.28,75.11,4.35,801.3,1.0,2,0,2,ONE,OK,36,120,46,"['AT_Score_ST:lo', 'D2D_Signal:==1', 'Slope_EMA_ST:lo', 'D2D_Up_Count:hi', 'AT_Slope_ST:lo', 'EMA_Oscillator:lo']","['Volume:hi', 'ATR_1M:hi', 'D2D_ATR:hi']",53.0,6.0,"['AT_Score_LT:hi', 'D2D_Signal:==-1', 'D2D_Dn_Count:hi', 'VAL_Side:==0', 'EMA_Oscillator:hi', 'D2D_Dynamic_Sensitivity:lo']","['ATR_1M:hi', 'Volume:hi', 'D2D_ATR:hi']",2026.06,3,Jun(1-25)
WFAB_2026.06_j3_RR,40,-306.0,-802.2,3,5,21,17,173,173,76.88,1.26,72.53,4.34,1170.3,1.0,7,0,2,RR,OK,37,120,46,"['AT_Score_ST:lo', 'D2D_Signal:==1', 'Slope_EMA_ST:lo', 'D2D_Up_Count:hi', 'AT_Slope_ST:lo', 'EMA_Oscillator:lo']","['Volume:hi', 'ATR_1M:hi', 'D2D_ATR:hi']",53.0,6.0,"['AT_Score_LT:hi', 'D2D_Signal:==-1', 'D2D_Dn_Count:hi', 'VAL_Side:==0', 'EMA_Oscillator:hi', 'D2D_Dynamic_Sensitivity:lo']","['ATR_1M:hi', 'Volume:hi', 'D2D_ATR:hi']",2026.06,3,Jun(1-25)
WFAB_2026.07_j1_ONE,21,-306.0,-199.5,1,4,15,11,115,115,81.74,1.1,80.22,1.52,321.3,1.0,2,0,2,ONE,OK,38,93,24,"['AT_Score_ST:lo', 'Slope_EMA_ST:lo', 'D2D_Signal:==1', 'D2D_Up_Count:hi', 'AT_Slope_ST:lo', 'EMA_Oscillator:lo']","['Volume:hi', 'D2D_ATR:hi', 'ATR_1M:hi']",60.0,7.0,"['AT_Score_LT:hi', 'VAL_Side:==0', 'D2D_Signal:==-1', 'EMA_Oscillator:hi', 'D2D_Dn_Count:hi', 'D2D_Dynamic_Sensitivity:lo']","['ATR_1M:hi', 'Volume:hi', 'D2D_ATR:hi']",2026.07,1,Jul(1-21) EXTRA
WFAB_2026.07_j1_RR,26,-306.0,-121.3,1,4,15,11,153,153,83.01,1.51,76.34,6.67,1845.1,1.0,5,0,2,RR,OK,39,93,24,"['AT_Score_ST:lo', 'Slope_EMA_ST:lo', 'D2D_Signal:==1', 'D2D_Up_Count:hi', 'AT_Slope_ST:lo', 'EMA_Oscillator:lo']","['Volume:hi', 'D2D_ATR:hi', 'ATR_1M:hi']",60.0,7.0,"['AT_Score_LT:hi', 'VAL_Side:==0', 'D2D_Signal:==-1', 'EMA_Oscillator:hi', 'D2D_Dn_Count:hi', 'D2D_Dynamic_Sensitivity:lo']","['ATR_1M:hi', 'Volume:hi', 'D2D_ATR:hi']",2026.07,1,Jul(1-21) EXTRA
WFAB_2026.07_j2_ONE,15,-306.0,-229.8,1,4,14,9,89,89,83.15,1.52,76.45,6.69,1076.5,1.0,2,0,2,ONE,OK,40,75,21,"['AT_Score_ST:lo', 'Slope_EMA_ST:lo', 'D2D_Signal:==1', 'D2D_Up_Count:hi', 'AT_Slope_ST:lo', 'EMA_Oscillator:lo']","['Volume:hi', 'D2D_ATR:hi', 'ATR_1M:hi']",49.0,6.0,"['AT_Score_LT:hi', 'VAL_Side:==0', 'D2D_Signal:==-1', 'EMA_Oscillator:hi', 'D2D_Dn_Count:hi', 'D2D_Dynamic_Sensitivity:lo']","['ATR_1M:hi', 'Volume:hi', 'D2D_ATR:hi']",2026.07,2,Jul(1-21) EXTRA
WFAB_2026.07_j2_RR,19,-306.0,-130.4,1,4,14,9,124,124,84.68,2.1,72.48,12.19,2698.6,1.0,5,0,2,RR,OK,41,75,21,"['AT_Score_ST:lo', 'Slope_EMA_ST:lo', 'D2D_Signal:==1', 'D2D_Up_Count:hi', 'AT_Slope_ST:lo', 'EMA_Oscillator:lo']","['Volume:hi', 'D2D_ATR:hi', 'ATR_1M:hi']",49.0,6.0,"['AT_Score_LT:hi', 'VAL_Side:==0', 'D2D_Signal:==-1', 'EMA_Oscillator:hi', 'D2D_Dn_Count:hi', 'D2D_Dynamic_Sensitivity:lo']","['ATR_1M:hi', 'Volume:hi', 'D2D_ATR:hi']",2026.07,2,Jul(1-21) EXTRA
WFAB_2026.07_j3_ONE,9,-306.0,-248.4,2,4,14,7,67,67,86.57,1.79,78.28,8.28,1123.1,1.0,2,0,2,ONE,OK,42,57,15,"['AT_Score_ST:lo', 'Slope_EMA_ST:lo', 'D2D_Signal:==1', 'D2D_Up_Count:hi', 'AT_Slope_ST:lo', 'EMA_Oscillator:lo']","['Volume:hi', 'D2D_ATR:hi', 'ATR_1M:hi']",41.0,5.0,"['AT_Score_LT:hi', 'VAL_Side:==0', 'D2D_Signal:==-1', 'EMA_Oscillator:hi', 'D2D_Dn_Count:hi', 'D2D_Dynamic_Sensitivity:lo']","['ATR_1M:hi', 'Volume:hi', 'D2D_ATR:hi']",2026.07,3,Jul(1-21) EXTRA
WFAB_2026.07_j3_RR,13,-306.0,-231.6,1,4,14,7,98,98,86.73,2.5,72.34,14.4,2717.4,1.0,5,0,2,RR,OK,43,57,15,"['AT_Score_ST:lo', 'Slope_EMA_ST:lo', 'D2D_Signal:==1', 'D2D_Up_Count:hi', 'AT_Slope_ST:lo', 'EMA_Oscillator:lo']","['Volume:hi', 'D2D_ATR:hi', 'ATR_1M:hi']",41.0,5.0,"['AT_Score_LT:hi', 'VAL_Side:==0', 'D2D_Signal:==-1', 'EMA_Oscillator:hi', 'D2D_Dn_Count:hi', 'D2D_Dynamic_Sensitivity:lo']","['ATR_1M:hi', 'Volume:hi', 'D2D_ATR:hi']",2026.07,3,Jul(1-21) EXTRA
