direction,condition,variable,bars_present,share_traded_bars,profitable_bars,loss_events,mean_depth,mean_bar_pnl,sum_pnl_where_present,mean_multiplicity,book_slots_dir,book_slot_share_dir
LONG,AT_Regime_ST:==1,AT_Regime_ST,226,0.376,212,14,12.45,524.13,118453.5,2.38,13,0.0227
LONG,Volume:hi,Volume,197,0.3278,189,8,10.8,516.96,101841.9,1.32,10,0.0175
LONG,OBV_Macd:lo,OBV_Macd,185,0.3078,175,10,11.29,592.78,109664.3,1.77,14,0.0244
LONG,AT_Slope_ST:lo,AT_Slope_ST,184,0.3062,173,11,13.5,500.38,92070.8,6.78,32,0.0558
LONG,OR_Low_Side:==-1,OR_Low_Side,171,0.2845,165,6,11.96,457.24,78187.9,2.21,14,0.0244
LONG,PrevDay_Low_Side:==-1,PrevDay_Low_Side,169,0.2812,156,13,9.22,484.71,81915.8,2.09,10,0.0175
LONG,Slope_EMA_ST:lo,Slope_EMA_ST,167,0.2779,155,12,14.28,524.82,87645.6,3.72,19,0.0332
LONG,Micro_Rejection:lo,Micro_Rejection,156,0.2596,148,8,8.1,348.71,54398.5,2.42,16,0.0279
LONG,Upper_Wick:hi,Upper_Wick,140,0.2329,136,4,11.52,772.22,108111.2,1.24,6,0.0105
LONG,Bars_Since_Flip:hi,Bars_Since_Flip,144,0.2396,134,10,13.5,432.07,62217.5,2.53,11,0.0192
LONG,Volume_Avg_10:hi,Volume_Avg_10,126,0.2097,124,2,10.35,445.33,56111.2,1.48,9,0.0157
LONG,Momentum_Value:hi,Momentum_Value,130,0.2163,123,7,15.52,686.82,89286.8,2.62,8,0.014
LONG,Slope_Accel_LT:hi,Slope_Accel_LT,121,0.2013,115,6,8.4,199.98,24197.6,2.13,9,0.0157
LONG,OR_High_Side:==-1,OR_High_Side,117,0.1947,112,5,10.34,497.89,58253.3,1.21,7,0.0122
LONG,AT_Regime_LT:==1,AT_Regime_LT,122,0.203,112,10,10.63,472.02,57586.7,1.25,5,0.0087
LONG,Micro_HLAsymmetry:hi,Micro_HLAsymmetry,115,0.1913,111,4,14.37,693.81,79788.3,1.4,5,0.0087
LONG,Session_Low_Dist_ATR:lo,Session_Low_Dist_ATR,115,0.1913,110,5,10.31,741.61,85285.1,1.9,9,0.0157
LONG,Micro_FailedBreak:hi,Micro_FailedBreak,114,0.1897,110,4,13.39,588.21,67056.3,1.68,6,0.0105
LONG,AT_Slope_LT:lo,AT_Slope_LT,116,0.193,110,6,16.19,662.94,76901.6,1.77,5,0.0087
LONG,Micro_VolOfVol:hi,Micro_VolOfVol,112,0.1864,109,3,13.58,526.01,58913.5,2.82,10,0.0175
LONG,Micro_RollProxy:hi,Micro_RollProxy,114,0.1897,107,7,14.32,758.56,86476.4,2.72,9,0.0157
LONG,Bar_Range:hi,Bar_Range,109,0.1814,104,5,11.98,672.19,73268.5,1.16,5,0.0087
LONG,Micro_Hurst:hi,Micro_Hurst,104,0.173,99,5,11.55,697.95,72586.9,2.92,10,0.0175
LONG,Micro_WickImbalance:lo,Micro_WickImbalance,98,0.1631,96,2,12.53,864.92,84762.1,1.35,6,0.0105
LONG,Micro_AutoCorr:hi,Micro_AutoCorr,96,0.1597,94,2,12.41,855.19,82098.4,2.49,7,0.0122
LONG,Micro_RangeAccel:lo,Micro_RangeAccel,99,0.1647,93,6,11.33,497.55,49257.6,1.38,5,0.0087
LONG,Micro_LogReturn:hi,Micro_LogReturn,95,0.1581,92,3,12.56,748.0,71060.2,1.34,7,0.0122
LONG,VWAP_Side:==-1,VWAP_Side,98,0.1631,92,6,14.54,728.08,71351.7,1.17,3,0.0052
LONG,D2D_Signal:==1,D2D_Signal,92,0.1531,91,1,9.92,967.79,89037.1,1.95,5,0.0087
LONG,VWAP_Sigma:hi,VWAP_Sigma,89,0.1481,87,2,11.99,554.23,49326.9,1.11,3,0.0052
LONG,Micro_RangeVelocity:lo,Micro_RangeVelocity,97,0.1614,86,11,10.62,490.67,47595.4,1.25,7,0.0122
LONG,Sqz_State:==1,Sqz_State,91,0.1514,86,5,11.15,596.24,54258.0,1.55,5,0.0087
LONG,Lower_Wick:hi,Lower_Wick,93,0.1547,85,8,12.28,360.42,33518.9,1.55,6,0.0105
LONG,D2D_ATR:hi,D2D_ATR,88,0.1464,85,3,17.59,626.9,55166.8,1.03,2,0.0035
LONG,PrevDay_High_Dist_ATR:lo,PrevDay_High_Dist_ATR,89,0.1481,82,7,6.91,557.85,49648.7,2.27,6,0.0105
LONG,Micro_RangeVelocity:hi,Micro_RangeVelocity,83,0.1381,81,2,14.29,598.06,49638.7,1.53,5,0.0087
LONG,Body_Size:hi,Body_Size,86,0.1431,81,5,17.1,815.03,70092.7,1.08,2,0.0035
LONG,Session_High_Dist_ATR:lo,Session_High_Dist_ATR,83,0.1381,80,3,7.7,757.19,62847.0,1.22,4,0.007
LONG,Volume_Ratio_10:hi,Volume_Ratio_10,81,0.1348,79,2,13.28,967.18,78341.5,1.36,4,0.007
LONG,Micro_TickIntensity:hi,Micro_TickIntensity,83,0.1381,79,4,7.84,205.52,17058.2,1.8,8,0.014
LONG,Round_1000_Dist_ATR:lo,Round_1000_Dist_ATR,84,0.1398,79,5,10.71,745.46,62619.0,1.02,3,0.0052
LONG,Micro_OrderFlowDelta:hi,Micro_OrderFlowDelta,81,0.1348,78,3,11.9,1066.81,86411.3,1.21,4,0.007
LONG,PrevDay_High_Side:==-1,PrevDay_High_Side,80,0.1331,75,5,14.19,792.96,63436.6,1.05,2,0.0035
LONG,OR_Low_Side:==1,OR_Low_Side,82,0.1364,73,9,6.38,442.61,36294.4,1.3,3,0.0052
LONG,RangeOsc_State:==-1,RangeOsc_State,77,0.1281,72,5,16.97,382.78,29474.4,1.25,3,0.0052
LONG,Round_500_Dist_ATR:lo,Round_500_Dist_ATR,75,0.1248,72,3,8.61,247.25,18544.1,1.07,4,0.007
LONG,D2D_ATR_MA:hi,D2D_ATR_MA,74,0.1231,71,3,14.51,584.21,43231.8,1.0,3,0.0052
LONG,AT_Lookback_ST:hi,AT_Lookback_ST,72,0.1198,70,2,18.93,639.01,46008.4,1.18,3,0.0052
LONG,Micro_WickImbalance:hi,Micro_WickImbalance,75,0.1248,69,6,8.23,249.41,18705.4,3.36,8,0.014
LONG,AT_Score_LT:lo,AT_Score_LT,68,0.1131,66,2,10.34,262.61,17857.5,2.04,5,0.0087
LONG,PoC_Side:==1,PoC_Side,65,0.1082,65,0,10.25,1233.6,80183.9,1.0,1,0.0017
LONG,WeeklyOpen_Side:==-1,WeeklyOpen_Side,69,0.1148,64,5,9.17,927.89,64024.7,1.42,3,0.0052
LONG,OR_Position:lo,OR_Position,69,0.1148,63,6,16.03,472.52,32604.2,1.22,4,0.007
LONG,Micro_VPIN:lo,Micro_VPIN,65,0.1082,62,3,9.82,433.38,28169.5,1.74,7,0.0122
LONG,KAMA_Dist:lo,KAMA_Dist,67,0.1115,60,7,8.06,194.91,13059.1,4.19,9,0.0157
LONG,MultiDay_Position:lo,MultiDay_Position,62,0.1032,58,4,16.34,703.47,43615.1,1.23,2,0.0035
LONG,Micro_RangeAccel:hi,Micro_RangeAccel,58,0.0965,58,0,11.17,356.3,20665.3,1.1,3,0.0052
LONG,DailyOpen_Dist_ATR:lo,DailyOpen_Dist_ATR,57,0.0948,56,1,8.89,707.92,40351.2,1.04,3,0.0052
LONG,PrevDay_Close_Side:==-1,PrevDay_Close_Side,59,0.0982,56,3,7.07,815.42,48109.7,1.02,2,0.0035
LONG,VWAP_Dist_ATR:lo,VWAP_Dist_ATR,56,0.0932,55,1,8.77,652.62,36546.6,1.32,3,0.0052
LONG,TChan_A15:hi,TChan_A15,55,0.0915,55,0,10.65,834.92,45920.4,1.51,3,0.0052
LONG,Micro_Amihud:hi,Micro_Amihud,55,0.0915,54,1,16.09,850.71,46789.3,1.13,2,0.0035
LONG,Micro_OrderFlowDelta:lo,Micro_OrderFlowDelta,55,0.0915,53,2,8.13,385.7,21213.7,1.09,5,0.0087
LONG,RangeOsc_State:==2,RangeOsc_State,57,0.0948,53,4,6.77,453.26,25835.9,1.33,4,0.007
LONG,KAMA_Dist:hi,KAMA_Dist,52,0.0865,50,2,14.04,1188.92,61823.6,1.0,1,0.0017
LONG,ADX_Rising:==0,ADX_Rising,52,0.0865,50,2,9.27,658.27,34230.2,1.0,2,0.0035
LONG,OBVf_Signal:==1,OBVf_Signal,52,0.0865,50,2,16.02,275.21,14311.1,1.17,2,0.0035
LONG,D2D_Signal:==0,D2D_Signal,54,0.0899,49,5,19.7,487.14,26305.5,1.0,1,0.0017
LONG,RangeOsc_State:==-2,RangeOsc_State,51,0.0849,49,2,11.25,1206.16,61514.0,2.08,4,0.007
LONG,Slope_Accel_LT:lo,Slope_Accel_LT,49,0.0815,48,1,11.49,712.05,34890.3,3.08,9,0.0157
LONG,Micro_Lambda:lo,Micro_Lambda,52,0.0865,46,6,7.35,265.76,13819.7,1.48,5,0.0087
LONG,ADX_Rising:==1,ADX_Rising,48,0.0799,46,2,6.44,525.78,25237.3,1.0,1,0.0017
LONG,DailyOpen_Side:==-1,DailyOpen_Side,44,0.0732,44,0,8.3,794.86,34973.7,1.2,3,0.0052
LONG,VA_Position:hi,VA_Position,47,0.0782,44,3,10.06,303.48,14263.6,1.06,2,0.0035
LONG,OR_Position:hi,OR_Position,44,0.0732,42,2,6.52,418.25,18402.9,1.32,4,0.007
LONG,Harmonic_OBVf_Concordance:==0,Harmonic_OBVf_Concordance,45,0.0749,41,4,8.8,261.63,11773.4,1.0,1,0.0017
LONG,PrevDay_Low_Dist_ATR:lo,PrevDay_Low_Dist_ATR,41,0.0682,41,0,16.17,402.94,16520.5,1.0,1,0.0017
LONG,Micro_MomoTransfer:hi,Micro_MomoTransfer,44,0.0732,41,3,7.09,448.21,19721.4,2.23,5,0.0087
LONG,Micro_MicroGap:lo,Micro_MicroGap,42,0.0699,40,2,12.88,366.34,15386.2,1.38,3,0.0052
LONG,Micro_FractalDim:lo,Micro_FractalDim,40,0.0666,39,1,10.85,518.95,20758.0,1.0,2,0.0035
LONG,Micro_CSSpread:hi,Micro_CSSpread,40,0.0666,38,2,11.2,298.95,11958.1,1.12,2,0.0035
LONG,VWAP_Side:==1,VWAP_Side,38,0.0632,38,0,7.74,736.83,27999.5,1.08,2,0.0035
LONG,DailyOpen_Side:==1,DailyOpen_Side,39,0.0649,38,1,10.51,288.99,11270.8,1.23,2,0.0035
LONG,Micro_Entropy:lo,Micro_Entropy,39,0.0649,37,2,7.28,574.82,22417.9,1.46,4,0.007
LONG,Micro_HLAsymmetry:lo,Micro_HLAsymmetry,39,0.0649,37,2,7.54,209.81,8182.6,1.33,5,0.0087
LONG,D2D_DirStep:==1,D2D_DirStep,39,0.0649,37,2,19.67,1470.05,57331.8,1.0,1,0.0017
LONG,Micro_MicroGap:hi,Micro_MicroGap,38,0.0632,36,2,11.79,513.48,19512.4,1.03,3,0.0052
LONG,Lower_Wick:lo,Lower_Wick,39,0.0649,36,3,8.15,287.62,11217.2,1.1,2,0.0035
LONG,Round_100_Dist_ATR:lo,Round_100_Dist_ATR,37,0.0616,36,1,11.97,309.68,11458.2,1.03,2,0.0035
LONG,PrevDay_High_Dist_ATR:hi,PrevDay_High_Dist_ATR,37,0.0616,36,1,8.49,196.08,7255.1,1.95,3,0.0052
LONG,RangeOsc_Val:lo,RangeOsc_Val,37,0.0616,35,2,19.84,369.32,13665.0,1.51,2,0.0035
LONG,OBV_Velocity:hi,OBV_Velocity,35,0.0582,34,1,8.17,404.19,14146.8,1.03,2,0.0035
LONG,ADX_Value:hi,ADX_Value,35,0.0582,34,1,9.29,684.17,23946.0,1.17,2,0.0035
LONG,D2D_Persist:hi,D2D_Persist,37,0.0616,33,4,5.3,197.77,7317.5,1.0,1,0.0017
LONG,MultiDay_Position:hi,MultiDay_Position,34,0.0566,32,2,5.59,285.8,9717.1,1.0,1,0.0017
LONG,MultiDay_Slope:lo,MultiDay_Slope,33,0.0549,32,1,10.06,271.58,8962.0,1.0,2,0.0035
LONG,RangeOsc_Val:hi,RangeOsc_Val,31,0.0516,31,0,6.39,393.9,12210.9,1.0,2,0.0035
LONG,Micro_VolOfVol:lo,Micro_VolOfVol,30,0.0499,30,0,7.93,254.25,7627.4,1.03,2,0.0035
LONG,VWAP_Sigma:lo,VWAP_Sigma,29,0.0483,29,0,6.9,334.5,9700.6,3.21,8,0.014
LONG,EMA_Oscillator:hi,EMA_Oscillator,31,0.0516,29,2,16.13,1050.26,32558.2,1.0,1,0.0017
LONG,Micro_BarOverlap:lo,Micro_BarOverlap,29,0.0483,29,0,18.41,1092.91,31694.4,1.0,1,0.0017
LONG,Micro_PriceAccel:hi,Micro_PriceAccel,30,0.0499,29,1,10.9,975.75,29272.4,1.0,2,0.0035
LONG,Slope_EMA_ST:hi,Slope_EMA_ST,29,0.0483,28,1,6.17,287.0,8323.1,1.0,2,0.0035
LONG,ST_Flip_Event:==-1,ST_Flip_Event,30,0.0499,28,2,6.87,140.14,4204.1,2.53,5,0.0087
LONG,Efficiency_Ratio:hi,Efficiency_Ratio,31,0.0516,27,4,7.13,568.01,17608.4,1.06,2,0.0035
LONG,VWAP_Sigma_ATR:lo,VWAP_Sigma_ATR,27,0.0449,24,3,16.33,1196.79,32313.4,1.0,1,0.0017
LONG,Sqz_Val:hi,Sqz_Val,25,0.0416,24,1,11.36,950.32,23758.0,1.0,1,0.0017
LONG,PrevDay_High_Side:==1,PrevDay_High_Side,25,0.0416,23,2,6.84,227.2,5679.9,1.48,4,0.007
LONG,Micro_PriceAccel:lo,Micro_PriceAccel,23,0.0383,22,1,15.74,580.33,13347.7,1.0,1,0.0017
LONG,D2D_DirStep:==-1,D2D_DirStep,22,0.0366,21,1,8.45,219.53,4829.6,1.0,1,0.0017
LONG,Harmonic_LLEMA:hi,Harmonic_LLEMA,21,0.0349,21,0,5.29,125.92,2644.3,1.0,1,0.0017
LONG,Slope_Accel_ST:lo,Slope_Accel_ST,21,0.0349,20,1,6.95,174.68,3668.3,1.0,1,0.0017
LONG,EMA_Oscillator:lo,EMA_Oscillator,21,0.0349,19,2,8.38,107.89,2265.7,1.0,1,0.0017
LONG,Micro_GarmanKlass:hi,Micro_GarmanKlass,19,0.0316,19,0,9.68,230.45,4378.6,1.0,2,0.0035
LONG,Micro_LogReturn:lo,Micro_LogReturn,19,0.0316,18,1,6.26,138.53,2632.1,1.21,3,0.0052
LONG,Dist_To_PoC_ATR:lo,Dist_To_PoC_ATR,17,0.0283,17,0,7.0,179.83,3057.1,1.0,1,0.0017
LONG,AT_Score_LT:hi,AT_Score_LT,17,0.0283,17,0,5.35,170.06,2891.0,1.35,3,0.0052
LONG,Momentum_Value:lo,Momentum_Value,16,0.0266,16,0,7.88,221.63,3546.1,1.06,2,0.0035
LONG,ST_Flip_Event:==1,ST_Flip_Event,17,0.0283,16,1,5.76,322.35,5479.9,1.06,2,0.0035
LONG,OBVf_Signal:==-1,OBVf_Signal,16,0.0266,16,0,10.31,1301.72,20827.5,1.06,2,0.0035
LONG,Micro_IBSP:hi,Micro_IBSP,15,0.025,15,0,10.67,295.49,4432.3,1.0,1,0.0017
LONG,Micro_IBSP:lo,Micro_IBSP,13,0.0216,13,0,6.15,280.85,3651.1,1.0,1,0.0017
LONG,Micro_FractalDim:hi,Micro_FractalDim,14,0.0233,13,1,8.21,93.95,1315.3,1.0,1,0.0017
LONG,Micro_RollProxy:lo,Micro_RollProxy,13,0.0216,12,1,10.0,391.4,5088.2,1.0,1,0.0017
LONG,Micro_TickIntensity:lo,Micro_TickIntensity,12,0.02,12,0,17.75,2157.22,25886.6,1.0,1,0.0017
LONG,PrevDay_Close_Dist_ATR:hi,PrevDay_Close_Dist_ATR,12,0.02,12,0,12.25,235.97,2831.7,1.0,1,0.0017
LONG,OR_High_Side:==1,OR_High_Side,12,0.02,12,0,6.92,529.32,6351.8,1.0,1,0.0017
LONG,AT_Lookback_LT:hi,AT_Lookback_LT,11,0.0183,11,0,5.27,315.99,3475.9,1.09,2,0.0035
LONG,Micro_MomoTransfer:lo,Micro_MomoTransfer,9,0.015,9,0,5.33,119.93,1079.4,1.0,2,0.0035
LONG,PrevDay_Low_Side:==1,PrevDay_Low_Side,9,0.015,9,0,4.56,96.23,866.1,1.0,1,0.0017
LONG,OR_High_Side:==0,OR_High_Side,9,0.015,9,0,5.89,177.02,1593.2,1.0,1,0.0017
LONG,VAH_Dist_ATR:hi,VAH_Dist_ATR,9,0.015,9,0,5.33,351.46,3163.1,1.0,1,0.0017
LONG,WeeklyOpen_Dist_ATR:lo,WeeklyOpen_Dist_ATR,9,0.015,9,0,5.33,351.46,3163.1,1.0,1,0.0017
LONG,D2D_Dynamic_Sensitivity:lo,D2D_Dynamic_Sensitivity,9,0.015,8,1,14.11,751.21,6760.9,1.0,1,0.0017
LONG,ADX_Value:lo,ADX_Value,8,0.0133,8,0,6.12,175.22,1401.8,1.25,2,0.0035
LONG,Sqz_State:==-1,Sqz_State,8,0.0133,7,1,7.25,119.73,957.8,1.0,1,0.0017
LONG,Micro_Amihud:lo,Micro_Amihud,7,0.0116,7,0,5.0,287.16,2010.1,1.0,1,0.0017
LONG,Micro_VPIN:hi,Micro_VPIN,7,0.0116,7,0,5.0,287.16,2010.1,1.0,1,0.0017
LONG,Micro_Rejection:hi,Micro_Rejection,7,0.0116,7,0,5.29,220.99,1546.9,1.0,1,0.0017
LONG,Micro_CSSpread:lo,Micro_CSSpread,6,0.01,6,0,5.33,219.9,1319.4,1.0,1,0.0017
LONG,Micro_ThrustEff:lo,Micro_ThrustEff,4,0.0067,4,0,6.25,249.98,999.9,1.0,1,0.0017
SHORT,Volume_Avg_10:hi,Volume_Avg_10,113,0.3038,112,1,5.4,299.1,33797.9,1.42,8,0.0252
SHORT,Bar_Range:hi,Bar_Range,113,0.3038,109,4,5.02,287.85,32527.5,1.32,4,0.0126
SHORT,Sqz_Val:hi,Sqz_Val,89,0.2392,87,2,4.74,97.68,8693.4,3.17,8,0.0252
SHORT,Micro_Hurst:hi,Micro_Hurst,88,0.2366,86,2,4.55,148.57,13074.3,1.65,5,0.0157
SHORT,PrevDay_High_Side:==1,PrevDay_High_Side,85,0.2285,81,4,4.86,132.19,11236.0,1.62,6,0.0189
SHORT,D2D_Dynamic_Sensitivity:lo,D2D_Dynamic_Sensitivity,80,0.2151,78,2,5.42,362.82,29025.3,1.89,8,0.0252
SHORT,Lower_Wick:lo,Lower_Wick,76,0.2043,74,2,5.33,383.36,29135.6,2.08,5,0.0157
SHORT,D2D_ATR_MA:hi,D2D_ATR_MA,72,0.1935,71,1,5.11,146.53,10550.2,1.0,2,0.0063
SHORT,Micro_RangeVelocity:lo,Micro_RangeVelocity,72,0.1935,70,2,5.04,408.84,29436.2,1.4,3,0.0094
SHORT,Session_High_Dist_ATR:hi,Session_High_Dist_ATR,71,0.1909,69,2,4.82,100.45,7131.7,2.31,4,0.0126
SHORT,AT_Score_LT:hi,AT_Score_LT,65,0.1747,64,1,5.28,152.18,9891.8,2.82,6,0.0189
SHORT,AT_Slope_ST:lo,AT_Slope_ST,65,0.1747,64,1,5.22,129.51,8418.2,1.02,3,0.0094
SHORT,D2D_ATR:hi,D2D_ATR,65,0.1747,63,2,5.18,155.86,10131.2,1.12,2,0.0063
SHORT,Volume:hi,Volume,63,0.1694,61,2,5.54,383.7,24173.0,1.08,3,0.0094
SHORT,RangeOsc_State:==2,RangeOsc_State,59,0.1586,58,1,4.56,181.06,10682.5,1.92,6,0.0189
SHORT,Micro_TickIntensity:hi,Micro_TickIntensity,57,0.1532,56,1,4.86,102.82,5860.8,1.51,3,0.0094
SHORT,RangeOsc_State:==-1,RangeOsc_State,54,0.1452,52,2,5.24,145.41,7851.9,1.93,4,0.0126
SHORT,Micro_Entropy:lo,Micro_Entropy,51,0.1371,51,0,5.39,468.03,23869.6,1.29,3,0.0094
SHORT,Micro_HLAsymmetry:lo,Micro_HLAsymmetry,53,0.1425,50,3,4.83,139.85,7412.3,1.11,3,0.0094
SHORT,Session_High_Dist_ATR:lo,Session_High_Dist_ATR,52,0.1398,50,2,4.75,187.62,9756.4,1.54,3,0.0094
SHORT,EMA_Oscillator:lo,EMA_Oscillator,49,0.1317,48,1,5.35,461.89,22632.5,1.02,2,0.0063
SHORT,OBVf_Signal:==1,OBVf_Signal,45,0.121,44,1,4.82,143.93,6477.0,1.13,4,0.0126
SHORT,PrevDay_Low_Dist_ATR:hi,PrevDay_Low_Dist_ATR,43,0.1156,41,2,4.98,100.59,4325.5,1.44,2,0.0063
SHORT,ATR_1M:hi,ATR_1M,42,0.1129,41,1,4.57,185.31,7783.2,1.36,2,0.0063
SHORT,Micro_OrderFlowDelta:hi,Micro_OrderFlowDelta,43,0.1156,41,2,4.79,85.28,3667.1,1.0,3,0.0094
SHORT,TChan_A15:hi,TChan_A15,41,0.1102,40,1,4.95,151.25,6201.1,1.05,3,0.0094
SHORT,PrevDay_Close_Dist_ATR:hi,PrevDay_Close_Dist_ATR,41,0.1102,40,1,5.05,97.23,3986.4,1.66,2,0.0063
SHORT,PrevDay_High_Dist_ATR:lo,PrevDay_High_Dist_ATR,39,0.1048,39,0,5.38,204.23,7965.1,1.36,3,0.0094
SHORT,Micro_WickImbalance:lo,Micro_WickImbalance,39,0.1048,39,0,5.41,554.42,21622.4,1.56,3,0.0094
SHORT,Slope_Accel_LT:lo,Slope_Accel_LT,40,0.1075,39,1,4.75,99.17,3966.8,1.1,4,0.0126
SHORT,Micro_BarEntropy:lo,Micro_BarEntropy,40,0.1075,38,2,4.8,182.66,7306.5,1.02,2,0.0063
SHORT,Micro_RangeAccel:lo,Micro_RangeAccel,38,0.1022,38,0,5.82,599.83,22793.6,1.61,4,0.0126
SHORT,Micro_CSSpread:hi,Micro_CSSpread,38,0.1022,38,0,4.61,147.56,5607.3,1.0,2,0.0063
SHORT,WeeklyOpen_Dist_ATR:hi,WeeklyOpen_Dist_ATR,39,0.1048,38,1,4.79,143.16,5583.3,1.72,3,0.0094
SHORT,AT_Lookback_ST:hi,AT_Lookback_ST,38,0.1022,37,1,5.0,67.66,2571.1,1.0,1,0.0031
SHORT,Volume_Ratio_10:hi,Volume_Ratio_10,36,0.0968,35,1,5.11,148.52,5346.8,1.11,2,0.0063
SHORT,MultiDay_Slope:hi,MultiDay_Slope,36,0.0968,35,1,4.72,209.87,7555.3,1.64,4,0.0126
SHORT,Momentum_Value:hi,Momentum_Value,35,0.0941,35,0,5.17,127.27,4454.4,1.0,2,0.0063
SHORT,Micro_Lambda:hi,Micro_Lambda,34,0.0914,34,0,4.71,244.81,8323.5,1.03,2,0.0063
SHORT,Micro_OrderFlowDelta:lo,Micro_OrderFlowDelta,34,0.0914,34,0,5.41,267.52,9095.7,1.21,3,0.0094
SHORT,Micro_HLAsymmetry:hi,Micro_HLAsymmetry,35,0.0941,34,1,4.8,183.63,6427.2,1.11,4,0.0126
SHORT,Micro_MomoTransfer:hi,Micro_MomoTransfer,34,0.0914,34,0,5.56,224.16,7621.5,1.06,4,0.0126
SHORT,Micro_IBSP:lo,Micro_IBSP,33,0.0887,32,1,5.58,642.21,21193.0,1.12,3,0.0094
SHORT,VAL_Side:==0,VAL_Side,32,0.086,32,0,5.34,243.83,7802.5,2.09,6,0.0189
SHORT,Micro_BarOverlap:lo,Micro_BarOverlap,32,0.086,32,0,4.47,159.21,5094.8,1.28,4,0.0126
SHORT,VAH_Side:==0,VAH_Side,31,0.0833,31,0,5.48,216.46,6710.4,1.61,3,0.0094
SHORT,Bars_Since_Flip:hi,Bars_Since_Flip,31,0.0833,30,1,5.16,100.45,3114.1,1.0,1,0.0031
SHORT,OR_High_Side:==-1,OR_High_Side,30,0.0806,30,0,5.6,166.58,4997.4,1.0,1,0.0031
SHORT,Micro_GarmanKlass:hi,Micro_GarmanKlass,29,0.078,28,1,4.83,128.29,3720.3,1.0,1,0.0031
SHORT,DailyOpen_Dist_ATR:lo,DailyOpen_Dist_ATR,28,0.0753,27,1,5.36,233.08,6526.2,1.0,2,0.0063
SHORT,Micro_CSSpread:lo,Micro_CSSpread,27,0.0726,27,0,4.78,116.78,3153.0,1.48,2,0.0063
SHORT,OR_High_Side:==1,OR_High_Side,26,0.0699,26,0,4.23,165.67,4307.4,1.42,3,0.0094
SHORT,D2D_Signal:==-1,D2D_Signal,26,0.0699,26,0,5.5,740.37,19249.7,1.92,4,0.0126
SHORT,Body_Size:hi,Body_Size,25,0.0672,25,0,5.24,270.1,6752.6,1.04,3,0.0094
SHORT,AT_Slope_ST:hi,AT_Slope_ST,26,0.0699,25,1,4.88,172.61,4487.9,1.19,3,0.0094
SHORT,PrevDay_Close_Side:==-1,PrevDay_Close_Side,25,0.0672,25,0,4.32,181.67,4541.8,1.08,2,0.0063
SHORT,ADX_Value:lo,ADX_Value,25,0.0672,25,0,4.52,143.08,3576.9,1.16,2,0.0063
SHORT,RangeOsc_Val:lo,RangeOsc_Val,25,0.0672,25,0,5.84,244.96,6124.1,1.12,3,0.0094
SHORT,Micro_VolAccel:lo,Micro_VolAccel,24,0.0645,24,0,5.67,769.55,18469.2,1.0,2,0.0063
SHORT,PrevDay_Close_Dist_ATR:lo,PrevDay_Close_Dist_ATR,24,0.0645,24,0,5.12,224.55,5389.3,1.0,1,0.0031
SHORT,VWAP_Side:==1,VWAP_Side,24,0.0645,24,0,5.12,224.55,5389.3,1.0,1,0.0031
SHORT,VAH_Side:==-1,VAH_Side,24,0.0645,23,1,4.67,234.91,5637.8,1.04,3,0.0094
SHORT,AT_Regime_ST:==0,AT_Regime_ST,24,0.0645,23,1,5.25,752.38,18057.2,1.0,1,0.0031
SHORT,VWAP_Z:lo,VWAP_Z,23,0.0618,22,1,5.65,179.27,4123.1,1.0,2,0.0063
SHORT,Efficiency_Ratio:hi,Efficiency_Ratio,22,0.0591,22,0,6.5,832.92,18324.2,1.0,2,0.0063
SHORT,Micro_WickImbalance:hi,Micro_WickImbalance,22,0.0591,21,1,5.27,226.88,4991.4,1.0,1,0.0031
SHORT,Micro_MicroGap:lo,Micro_MicroGap,21,0.0565,21,0,5.57,253.44,5322.3,1.48,3,0.0094
SHORT,Slope_Accel_ST:lo,Slope_Accel_ST,21,0.0565,21,0,5.67,856.87,17994.3,1.0,2,0.0063
SHORT,VWAP_Sigma:lo,VWAP_Sigma,21,0.0565,21,0,5.57,293.31,6159.6,1.67,3,0.0094
SHORT,VWAP_Sigma_ATR:lo,VWAP_Sigma_ATR,21,0.0565,21,0,5.71,887.0,18627.1,1.19,2,0.0063
SHORT,PoC_Side:==0,PoC_Side,21,0.0565,21,0,4.86,171.32,3597.8,1.29,3,0.0094
SHORT,Micro_Rejection:hi,Micro_Rejection,21,0.0565,21,0,4.62,105.35,2212.4,1.05,3,0.0094
SHORT,Upper_Wick:hi,Upper_Wick,20,0.0538,20,0,5.0,195.06,3901.3,1.05,2,0.0063
SHORT,Micro_MicroGap:hi,Micro_MicroGap,21,0.0565,20,1,4.76,886.87,18624.2,1.14,4,0.0126
SHORT,Slope_EMA_ST:hi,Slope_EMA_ST,21,0.0565,20,1,4.67,217.95,4577.0,1.05,2,0.0063
SHORT,PrevDay_Low_Side:==1,PrevDay_Low_Side,20,0.0538,20,0,5.65,223.4,4468.0,1.0,1,0.0031
SHORT,Micro_PriceAccel:lo,Micro_PriceAccel,20,0.0538,20,0,4.95,204.86,4097.2,1.05,3,0.0094
SHORT,D2D_Dn_Count:hi,D2D_Dn_Count,19,0.0511,19,0,5.89,936.84,17800.0,1.16,2,0.0063
SHORT,Micro_BarOverlap:hi,Micro_BarOverlap,20,0.0538,19,1,5.15,100.36,2007.2,1.15,2,0.0063
SHORT,OBV_Velocity:lo,OBV_Velocity,18,0.0484,18,0,4.94,203.29,3659.3,1.0,2,0.0063
SHORT,Slope_EMA_ST:lo,Slope_EMA_ST,18,0.0484,18,0,4.78,99.37,1788.6,1.0,2,0.0063
SHORT,VA_Position:hi,VA_Position,16,0.043,16,0,4.5,235.84,3773.5,1.06,2,0.0063
SHORT,Micro_ThrustEff:lo,Micro_ThrustEff,16,0.043,16,0,4.88,1059.52,16952.4,1.0,2,0.0063
SHORT,Micro_IBSP:hi,Micro_IBSP,17,0.0457,16,1,4.53,122.63,2084.7,1.0,2,0.0063
SHORT,Micro_FailedBreak:lo,Micro_FailedBreak,16,0.043,16,0,4.69,132.78,2124.4,1.25,3,0.0094
SHORT,Micro_VPIN:lo,Micro_VPIN,17,0.0457,16,1,4.82,226.35,3847.9,1.0,1,0.0031
SHORT,Slope_EMA_LT:hi,Slope_EMA_LT,17,0.0457,16,1,4.82,226.35,3847.9,1.0,1,0.0031
SHORT,Round_500_Dist_ATR:lo,Round_500_Dist_ATR,16,0.043,16,0,4.56,171.98,2751.6,1.0,1,0.0031
SHORT,VWAP_Dist_ATR:lo,VWAP_Dist_ATR,15,0.0403,15,0,6.0,1194.0,17910.0,1.0,1,0.0031
SHORT,Micro_PriceAccel:hi,Micro_PriceAccel,15,0.0403,15,0,5.07,246.79,3701.8,1.0,2,0.0063
SHORT,OR_High_Dist_ATR:hi,OR_High_Dist_ATR,15,0.0403,15,0,4.67,153.49,2302.3,1.0,1,0.0031
SHORT,Sqz_State:==-1,Sqz_State,15,0.0403,15,0,4.67,153.49,2302.3,1.0,1,0.0031
SHORT,DailyOpen_Side:==-1,DailyOpen_Side,15,0.0403,14,1,4.4,226.2,3393.0,1.13,2,0.0063
SHORT,OBV_Velocity:hi,OBV_Velocity,14,0.0376,14,0,5.29,148.49,2078.9,1.64,3,0.0094
SHORT,WeeklyOpen_Side:==-1,WeeklyOpen_Side,14,0.0376,14,0,5.14,333.56,4669.9,1.29,2,0.0063
SHORT,KAMA_Dist:hi,KAMA_Dist,14,0.0376,14,0,4.64,137.45,1924.3,1.0,1,0.0031
SHORT,AT_Score_LT:lo,AT_Score_LT,14,0.0376,14,0,4.36,102.49,1434.8,1.07,3,0.0094
SHORT,Micro_TickIntensity:lo,Micro_TickIntensity,14,0.0376,14,0,5.14,197.32,2762.5,1.0,1,0.0031
SHORT,AT_Slope_LT:hi,AT_Slope_LT,13,0.0349,13,0,5.08,1224.15,15914.0,1.0,2,0.0063
SHORT,RangeOsc_State:==-2,RangeOsc_State,12,0.0323,12,0,4.42,183.98,2207.8,1.0,1,0.0031
SHORT,VWAP_Sigma:hi,VWAP_Sigma,12,0.0323,12,0,4.42,183.98,2207.8,1.0,1,0.0031
SHORT,Micro_BarEntropy:hi,Micro_BarEntropy,12,0.0323,12,0,4.33,121.16,1453.9,1.67,3,0.0094
SHORT,Slope_Accel_ST:hi,Slope_Accel_ST,12,0.0323,12,0,4.92,287.71,3452.5,1.0,1,0.0031
SHORT,Micro_LogReturn:lo,Micro_LogReturn,12,0.0323,12,0,4.83,218.45,2621.4,1.08,2,0.0063
SHORT,OBVf_DirStepCount:hi,OBVf_DirStepCount,12,0.0323,12,0,5.08,246.16,2953.9,1.0,1,0.0031
SHORT,Micro_LogReturn:hi,Micro_LogReturn,12,0.0323,12,0,4.67,144.88,1738.6,1.42,3,0.0094
SHORT,Micro_RollProxy:lo,Micro_RollProxy,12,0.0323,11,1,4.5,33.73,404.8,1.0,1,0.0031
SHORT,Volume_Ratio_10:lo,Volume_Ratio_10,12,0.0323,11,1,4.5,33.73,404.8,1.0,1,0.0031
SHORT,Efficiency_Ratio:lo,Efficiency_Ratio,11,0.0296,11,0,3.91,183.44,2017.8,1.91,2,0.0063
SHORT,Micro_VolAccel:hi,Micro_VolAccel,12,0.0323,11,1,4.83,98.02,1176.2,1.0,3,0.0094
SHORT,MultiDay_Slope:lo,MultiDay_Slope,11,0.0296,11,0,4.55,169.97,1869.7,1.0,1,0.0031
SHORT,OBV_Macd:lo,OBV_Macd,11,0.0296,11,0,4.55,169.97,1869.7,1.0,1,0.0031
SHORT,Lower_Wick:hi,Lower_Wick,10,0.0269,10,0,4.9,148.98,1489.8,1.0,1,0.0031
SHORT,Micro_ThrustEff:hi,Micro_ThrustEff,10,0.0269,10,0,4.3,73.48,734.8,1.0,1,0.0031
SHORT,MultiDay_Position:hi,MultiDay_Position,11,0.0296,10,1,5.09,105.06,1155.7,1.0,1,0.0031
SHORT,Round_100_Dist_ATR:lo,Round_100_Dist_ATR,9,0.0242,9,0,4.44,136.49,1228.4,1.0,1,0.0031
SHORT,Micro_FractalDim:lo,Micro_FractalDim,9,0.0242,9,0,4.67,101.19,910.7,1.0,1,0.0031
SHORT,Micro_RollProxy:hi,Micro_RollProxy,8,0.0215,8,0,5.25,175.39,1403.1,1.0,1,0.0031
SHORT,AT_Lookback_LT:hi,AT_Lookback_LT,7,0.0188,7,0,4.43,202.1,1414.7,1.0,1,0.0031
SHORT,Micro_Amihud:lo,Micro_Amihud,7,0.0188,7,0,4.43,202.1,1414.7,1.0,1,0.0031
SHORT,DailyOpen_Dist_ATR:hi,DailyOpen_Dist_ATR,7,0.0188,7,0,5.57,230.14,1611.0,1.0,1,0.0031
SHORT,Micro_Hurst:lo,Micro_Hurst,7,0.0188,7,0,5.57,230.14,1611.0,1.0,1,0.0031
SHORT,Micro_VolOfVol:lo,Micro_VolOfVol,6,0.0161,6,0,6.83,2539.33,15236.0,1.83,2,0.0063
SHORT,Micro_AutoCorr:lo,Micro_AutoCorr,6,0.0161,6,0,5.0,352.47,2114.8,1.17,2,0.0063
SHORT,Micro_AutoCorr:hi,Micro_AutoCorr,5,0.0134,5,0,3.2,72.72,363.6,1.0,1,0.0031
SHORT,VWAP_Side:==-1,VWAP_Side,5,0.0134,5,0,3.2,72.72,363.6,1.0,1,0.0031
SHORT,Dist_To_PoC_ATR:lo,Dist_To_PoC_ATR,5,0.0134,5,0,5.0,300.84,1504.2,1.0,1,0.0031
SHORT,Slope_Accel_LT:hi,Slope_Accel_LT,5,0.0134,5,0,5.0,300.84,1504.2,1.6,2,0.0063
SHORT,WeeklyOpen_Dist_ATR:lo,WeeklyOpen_Dist_ATR,5,0.0134,5,0,4.6,153.78,768.9,1.0,1,0.0031
SHORT,VAL_Side:==-1,VAL_Side,4,0.0108,4,0,4.25,86.57,346.3,1.0,1,0.0031
SHORT,PrevDay_Low_Side:==-1,PrevDay_Low_Side,3,0.0081,3,0,6.67,4957.9,14873.7,1.0,1,0.0031
SHORT,Body_Size:lo,Body_Size,3,0.0081,3,0,4.33,130.57,391.7,1.0,1,0.0031
SHORT,OR_Low_Side:==-1,OR_Low_Side,3,0.0081,3,0,4.33,130.57,391.7,1.0,1,0.0031
