direction,condition,bars,profitable_bars,loss_events,mean_depth,mean_bar_pnl,share_traded_bars
LONG,AT_Regime_ST:==1,226,212,14,12.451327433628318,524.1305309734513,0.37603993344425957
LONG,Volume:hi,197,189,8,10.802030456852792,516.9639593908629,0.3277870216306156
LONG,OBV_Macd:lo,185,175,10,11.286486486486487,592.78,0.30782029950083195
LONG,AT_Slope_ST:lo,184,173,11,13.5,500.3847826086957,0.30615640599001664
LONG,OR_Low_Side:==-1,171,165,6,11.964912280701755,457.2391812865497,0.28452579034941766
LONG,PrevDay_Low_Side:==-1,169,156,13,9.218934911242604,484.708875739645,0.281198003327787
LONG,Slope_EMA_ST:lo,167,155,12,14.275449101796408,524.8239520958084,0.2778702163061564
LONG,Micro_Rejection:lo,156,148,8,8.102564102564102,348.7083333333333,0.259567387687188
LONG,Upper_Wick:hi,140,136,4,11.521428571428572,772.2228571428572,0.23294509151414308
LONG,Bars_Since_Flip:hi,144,134,10,13.5,432.06597222222223,0.23960066555740434
LONG,Volume_Avg_10:hi,126,124,2,10.34920634920635,445.3269841269841,0.2096505823627288
LONG,Momentum_Value:hi,130,123,7,15.523076923076923,686.8215384615385,0.21630615640599002
LONG,Slope_Accel_LT:hi,121,115,6,8.40495867768595,199.98016528925618,0.20133111480865223
LONG,AT_Regime_LT:==1,122,112,10,10.631147540983607,472.022131147541,0.20299500831946754
LONG,OR_High_Side:==-1,117,112,5,10.341880341880342,497.89145299145304,0.194675540765391
LONG,Micro_HLAsymmetry:hi,115,111,4,14.365217391304348,693.8113043478261,0.1913477537437604
LONG,AT_Slope_LT:lo,116,110,6,16.189655172413794,662.944827586207,0.1930116472545757
LONG,Micro_FailedBreak:hi,114,110,4,13.394736842105264,588.2131578947369,0.1896838602329451
LONG,Session_Low_Dist_ATR:lo,115,110,5,10.31304347826087,741.6095652173914,0.1913477537437604
LONG,Micro_VolOfVol:hi,112,109,3,13.580357142857142,526.0133928571429,0.18635607321131448
LONG,Micro_RollProxy:hi,114,107,7,14.31578947368421,758.5649122807017,0.1896838602329451
LONG,Bar_Range:hi,109,104,5,11.98165137614679,672.1880733944954,0.18136439267886856
LONG,Micro_Hurst:hi,104,99,5,11.548076923076923,697.9509615384616,0.17304492512479203
LONG,Micro_WickImbalance:lo,98,96,2,12.53061224489796,864.9193877551021,0.16306156405990016
LONG,Micro_AutoCorr:hi,96,94,2,12.40625,855.1916666666666,0.15973377703826955
LONG,Micro_RangeAccel:lo,99,93,6,11.333333333333334,497.55151515151516,0.16472545757071547
LONG,Micro_LogReturn:hi,95,92,3,12.557894736842105,748.0021052631579,0.15806988352745424
LONG,VWAP_Side:==-1,98,92,6,14.540816326530612,728.0785714285714,0.16306156405990016
LONG,D2D_Signal:==1,92,91,1,9.923913043478262,967.7945652173913,0.15307820299500832
LONG,VWAP_Sigma:hi,89,87,2,11.98876404494382,554.2348314606742,0.1480865224625624
LONG,Micro_RangeVelocity:lo,97,86,11,10.618556701030927,490.67422680412375,0.16139767054908485
LONG,Sqz_State:==1,91,86,5,11.153846153846153,596.2417582417582,0.15141430948419302
LONG,D2D_ATR:hi,88,85,3,17.59090909090909,626.8954545454545,0.1464226289517471
LONG,Lower_Wick:hi,93,85,8,12.279569892473118,360.4182795698925,0.15474209650582363
LONG,PrevDay_High_Dist_ATR:lo,89,82,7,6.910112359550562,557.8505617977528,0.1480865224625624
LONG,Body_Size:hi,86,81,5,17.1046511627907,815.0313953488371,0.14309484193011648
LONG,Micro_RangeVelocity:hi,83,81,2,14.289156626506024,598.056626506024,0.13810316139767054
LONG,Session_High_Dist_ATR:lo,83,80,3,7.698795180722891,757.1927710843373,0.13810316139767054
LONG,Micro_TickIntensity:hi,83,79,4,7.843373493975903,205.52048192771085,0.13810316139767054
LONG,Round_1000_Dist_ATR:lo,84,79,5,10.714285714285714,745.4642857142857,0.13976705490848584
LONG,Volume_Ratio_10:hi,81,79,2,13.283950617283951,967.179012345679,0.13477537437603992
LONG,Micro_OrderFlowDelta:hi,81,78,3,11.901234567901234,1066.8061728395062,0.13477537437603992
LONG,PrevDay_High_Side:==-1,80,75,5,14.1875,792.9575,0.13311148086522462
LONG,OR_Low_Side:==1,82,73,9,6.378048780487805,442.6146341463415,0.13643926788685523
LONG,RangeOsc_State:==-1,77,72,5,16.974025974025974,382.7844155844156,0.1281198003327787
LONG,Round_500_Dist_ATR:lo,75,72,3,8.613333333333333,247.25466666666665,0.12479201331114809
LONG,D2D_ATR_MA:hi,74,71,3,14.513513513513514,584.2135135135136,0.12312811980033278
LONG,AT_Lookback_ST:hi,72,70,2,18.930555555555557,639.0055555555556,0.11980033277870217
LONG,Micro_WickImbalance:hi,75,69,6,8.226666666666667,249.40533333333335,0.12479201331114809
LONG,AT_Score_LT:lo,68,66,2,10.338235294117647,262.6102941176471,0.11314475873544093
LONG,PoC_Side:==1,65,65,0,10.246153846153845,1233.5984615384614,0.10815307820299501
LONG,WeeklyOpen_Side:==-1,69,64,5,9.173913043478262,927.8942028985507,0.11480865224625623
LONG,OR_Position:lo,69,63,6,16.028985507246375,472.52463768115945,0.11480865224625623
LONG,Micro_VPIN:lo,65,62,3,9.815384615384616,433.37692307692305,0.10815307820299501
LONG,KAMA_Dist:lo,67,60,7,8.059701492537313,194.91194029850746,0.11148086522462562
LONG,Micro_RangeAccel:hi,58,58,0,11.172413793103448,356.298275862069,0.09650582362728785
LONG,MultiDay_Position:lo,62,58,4,16.338709677419356,703.4693548387097,0.10316139767054909
LONG,DailyOpen_Dist_ATR:lo,57,56,1,8.894736842105264,707.9157894736842,0.09484193011647254
LONG,PrevDay_Close_Side:==-1,59,56,3,7.067796610169491,815.4186440677967,0.09816971713810316
LONG,TChan_A15:hi,55,55,0,10.654545454545454,834.9163636363637,0.09151414309484193
LONG,VWAP_Dist_ATR:lo,56,55,1,8.767857142857142,652.6178571428571,0.09317803660565724
LONG,Micro_Amihud:hi,55,54,1,16.09090909090909,850.7145454545455,0.09151414309484193
LONG,Micro_OrderFlowDelta:lo,55,53,2,8.127272727272727,385.70363636363635,0.09151414309484193
LONG,RangeOsc_State:==2,57,53,4,6.771929824561403,453.2614035087719,0.09484193011647254
LONG,ADX_Rising:==0,52,50,2,9.26923076923077,658.2730769230768,0.08652246256239601
LONG,KAMA_Dist:hi,52,50,2,14.038461538461538,1188.9153846153845,0.08652246256239601
LONG,OBVf_Signal:==1,52,50,2,16.01923076923077,275.21346153846156,0.08652246256239601
LONG,D2D_Signal:==0,54,49,5,19.703703703703702,487.1388888888889,0.08985024958402663
LONG,RangeOsc_State:==-2,51,49,2,11.254901960784315,1206.1568627450981,0.08485856905158069
LONG,Slope_Accel_LT:lo,49,48,1,11.489795918367347,712.0469387755102,0.08153078202995008
LONG,ADX_Rising:==1,48,46,2,6.4375,525.7770833333333,0.07986688851913477
LONG,Micro_Lambda:lo,52,46,6,7.346153846153846,265.7634615384615,0.08652246256239601
LONG,DailyOpen_Side:==-1,44,44,0,8.295454545454545,794.8568181818181,0.07321131447587355
LONG,VA_Position:hi,47,44,3,10.063829787234043,303.4808510638298,0.07820299500831947
LONG,OR_Position:hi,44,42,2,6.5227272727272725,418.24772727272733,0.07321131447587355
LONG,Harmonic_OBVf_Concordance:==0,45,41,4,8.8,261.6311111111111,0.07487520798668885
LONG,Micro_MomoTransfer:hi,44,41,3,7.090909090909091,448.2136363636364,0.07321131447587355
LONG,PrevDay_Low_Dist_ATR:lo,41,41,0,16.170731707317074,402.9390243902439,0.06821963394342762
LONG,Micro_MicroGap:lo,42,40,2,12.880952380952381,366.33809523809526,0.06988352745424292
LONG,Micro_FractalDim:lo,40,39,1,10.85,518.95,0.06655574043261231
LONG,DailyOpen_Side:==1,39,38,1,10.512820512820513,288.99487179487176,0.064891846921797
LONG,Micro_CSSpread:hi,40,38,2,11.2,298.9525,0.06655574043261231
LONG,VWAP_Side:==1,38,38,0,7.7368421052631575,736.828947368421,0.0632279534109817
LONG,D2D_DirStep:==1,39,37,2,19.666666666666668,1470.0461538461539,0.064891846921797
LONG,Micro_Entropy:lo,39,37,2,7.282051282051282,574.8179487179488,0.064891846921797
LONG,Micro_HLAsymmetry:lo,39,37,2,7.538461538461538,209.81025641025641,0.064891846921797
LONG,Lower_Wick:lo,39,36,3,8.153846153846153,287.62051282051283,0.064891846921797
LONG,Micro_MicroGap:hi,38,36,2,11.789473684210526,513.4842105263157,0.0632279534109817
LONG,PrevDay_High_Dist_ATR:hi,37,36,1,8.486486486486486,196.0837837837838,0.06156405990016639
LONG,Round_100_Dist_ATR:lo,37,36,1,11.972972972972974,309.6810810810811,0.06156405990016639
LONG,RangeOsc_Val:lo,37,35,2,19.83783783783784,369.3243243243243,0.06156405990016639
LONG,ADX_Value:hi,35,34,1,9.285714285714286,684.1714285714286,0.05823627287853577
LONG,OBV_Velocity:hi,35,34,1,8.17142857142857,404.19428571428574,0.05823627287853577
LONG,D2D_Persist:hi,37,33,4,5.297297297297297,197.77027027027026,0.06156405990016639
LONG,MultiDay_Position:hi,34,32,2,5.588235294117647,285.7970588235294,0.056572379367720464
LONG,MultiDay_Slope:lo,33,32,1,10.06060606060606,271.57575757575756,0.05490848585690516
LONG,RangeOsc_Val:hi,31,31,0,6.387096774193548,393.9,0.051580698835274545
LONG,Micro_VolOfVol:lo,30,30,0,7.933333333333334,254.2466666666667,0.04991680532445923
LONG,EMA_Oscillator:hi,31,29,2,16.129032258064516,1050.2645161290322,0.051580698835274545
LONG,Micro_BarOverlap:lo,29,29,0,18.413793103448278,1092.9103448275862,0.048252911813643926
LONG,Micro_PriceAccel:hi,30,29,1,10.9,975.7466666666667,0.04991680532445923
LONG,VWAP_Sigma:lo,29,29,0,6.896551724137931,334.50344827586207,0.048252911813643926
LONG,ST_Flip_Event:==-1,30,28,2,6.866666666666666,140.13666666666666,0.04991680532445923
LONG,Slope_EMA_ST:hi,29,28,1,6.172413793103448,287.00344827586207,0.048252911813643926
LONG,Efficiency_Ratio:hi,31,27,4,7.129032258064516,568.0129032258066,0.051580698835274545
LONG,Sqz_Val:hi,25,24,1,11.36,950.32,0.04159733777038269
LONG,VWAP_Sigma_ATR:lo,27,24,3,16.333333333333332,1196.7925925925927,0.04492512479201331
LONG,PrevDay_High_Side:==1,25,23,2,6.84,227.196,0.04159733777038269
LONG,Micro_PriceAccel:lo,23,22,1,15.73913043478261,580.3347826086957,0.03826955074875208
LONG,D2D_DirStep:==-1,22,21,1,8.454545454545455,219.52727272727273,0.036605657237936774
LONG,Harmonic_LLEMA:hi,21,21,0,5.285714285714286,125.91904761904763,0.03494176372712146
LONG,Slope_Accel_ST:lo,21,20,1,6.9523809523809526,174.68095238095236,0.03494176372712146
LONG,EMA_Oscillator:lo,21,19,2,8.380952380952381,107.89047619047618,0.03494176372712146
LONG,Micro_GarmanKlass:hi,19,19,0,9.68421052631579,230.45263157894735,0.03161397670549085
LONG,Micro_LogReturn:lo,19,18,1,6.2631578947368425,138.53157894736842,0.03161397670549085
LONG,AT_Score_LT:hi,17,17,0,5.352941176470588,170.05882352941177,0.028286189683860232
LONG,Dist_To_PoC_ATR:lo,17,17,0,7.0,179.82941176470587,0.028286189683860232
LONG,Momentum_Value:lo,16,16,0,7.875,221.63125,0.026622296173044926
LONG,OBVf_Signal:==-1,16,16,0,10.3125,1301.71875,0.026622296173044926
LONG,ST_Flip_Event:==1,17,16,1,5.764705882352941,322.3470588235294,0.028286189683860232
LONG,Micro_IBSP:hi,15,15,0,10.666666666666666,295.4866666666667,0.024958402662229616
LONG,Micro_FractalDim:hi,14,13,1,8.214285714285714,93.95,0.02329450915141431
LONG,Micro_IBSP:lo,13,13,0,6.153846153846154,280.8538461538461,0.021630615640599003
LONG,Micro_RollProxy:lo,13,12,1,10.0,391.4,0.021630615640599003
LONG,Micro_TickIntensity:lo,12,12,0,17.75,2157.2166666666667,0.019966722129783693
LONG,OR_High_Side:==1,12,12,0,6.916666666666667,529.3166666666667,0.019966722129783693
LONG,PrevDay_Close_Dist_ATR:hi,12,12,0,12.25,235.975,0.019966722129783693
LONG,AT_Lookback_LT:hi,11,11,0,5.2727272727272725,315.9909090909091,0.018302828618968387
LONG,Micro_MomoTransfer:lo,9,9,0,5.333333333333333,119.93333333333334,0.014975041597337771
LONG,OR_High_Side:==0,9,9,0,5.888888888888889,177.02222222222224,0.014975041597337771
LONG,PrevDay_Low_Side:==1,9,9,0,4.555555555555555,96.23333333333333,0.014975041597337771
LONG,VAH_Dist_ATR:hi,9,9,0,5.333333333333333,351.4555555555555,0.014975041597337771
LONG,WeeklyOpen_Dist_ATR:lo,9,9,0,5.333333333333333,351.4555555555555,0.014975041597337771
LONG,ADX_Value:lo,8,8,0,6.125,175.225,0.013311148086522463
LONG,D2D_Dynamic_Sensitivity:lo,9,8,1,14.11111111111111,751.2111111111111,0.014975041597337771
LONG,Micro_Amihud:lo,7,7,0,5.0,287.1571428571429,0.011647254575707155
LONG,Micro_Rejection:hi,7,7,0,5.285714285714286,220.98571428571427,0.011647254575707155
LONG,Micro_VPIN:hi,7,7,0,5.0,287.1571428571429,0.011647254575707155
LONG,Sqz_State:==-1,8,7,1,7.25,119.72500000000001,0.013311148086522463
LONG,Micro_CSSpread:lo,6,6,0,5.333333333333333,219.9,0.009983361064891847
LONG,Micro_ThrustEff:lo,4,4,0,6.25,249.97500000000002,0.0066555740432612314
SHORT,Volume_Avg_10:hi,113,112,1,5.398230088495575,299.0964601769912,0.30376344086021506
SHORT,Bar_Range:hi,113,109,4,5.017699115044247,287.853982300885,0.30376344086021506
SHORT,Sqz_Val:hi,89,87,2,4.741573033707865,97.67865168539325,0.239247311827957
SHORT,Micro_Hurst:hi,88,86,2,4.545454545454546,148.5715909090909,0.23655913978494625
SHORT,PrevDay_High_Side:==1,85,81,4,4.858823529411764,132.18823529411765,0.22849462365591397
SHORT,D2D_Dynamic_Sensitivity:lo,80,78,2,5.425,362.81624999999997,0.21505376344086022
SHORT,Lower_Wick:lo,76,74,2,5.328947368421052,383.36315789473684,0.20430107526881722
SHORT,D2D_ATR_MA:hi,72,71,1,5.111111111111111,146.53055555555557,0.1935483870967742
SHORT,Micro_RangeVelocity:lo,72,70,2,5.041666666666667,408.8361111111111,0.1935483870967742
SHORT,Session_High_Dist_ATR:hi,71,69,2,4.816901408450704,100.44647887323943,0.19086021505376344
SHORT,AT_Score_LT:hi,65,64,1,5.276923076923077,152.18153846153845,0.17473118279569894
SHORT,AT_Slope_ST:lo,65,64,1,5.2153846153846155,129.51076923076926,0.17473118279569894
SHORT,D2D_ATR:hi,65,63,2,5.184615384615385,155.8646153846154,0.17473118279569894
SHORT,Volume:hi,63,61,2,5.5396825396825395,383.6984126984127,0.1693548387096774
SHORT,RangeOsc_State:==2,59,58,1,4.559322033898305,181.0593220338983,0.1586021505376344
SHORT,Micro_TickIntensity:hi,57,56,1,4.859649122807017,102.82105263157895,0.1532258064516129
SHORT,RangeOsc_State:==-1,54,52,2,5.2407407407407405,145.40555555555554,0.14516129032258066
SHORT,Micro_Entropy:lo,51,51,0,5.392156862745098,468.03137254901964,0.13709677419354838
SHORT,Micro_HLAsymmetry:lo,53,50,3,4.830188679245283,139.85471698113207,0.1424731182795699
SHORT,Session_High_Dist_ATR:lo,52,50,2,4.75,187.62307692307692,0.13978494623655913
SHORT,EMA_Oscillator:lo,49,48,1,5.346938775510204,461.88775510204084,0.13172043010752688
SHORT,OBVf_Signal:==1,45,44,1,4.822222222222222,143.93333333333334,0.12096774193548387
SHORT,ATR_1M:hi,42,41,1,4.571428571428571,185.31428571428572,0.11290322580645161
SHORT,Micro_OrderFlowDelta:hi,43,41,2,4.790697674418604,85.28139534883721,0.11559139784946236
SHORT,PrevDay_Low_Dist_ATR:hi,43,41,2,4.976744186046512,100.59302325581395,0.11559139784946236
SHORT,PrevDay_Close_Dist_ATR:hi,41,40,1,5.048780487804878,97.22926829268293,0.11021505376344086
SHORT,TChan_A15:hi,41,40,1,4.951219512195122,151.24634146341464,0.11021505376344086
SHORT,Micro_WickImbalance:lo,39,39,0,5.410256410256411,554.4205128205127,0.10483870967741936
SHORT,PrevDay_High_Dist_ATR:lo,39,39,0,5.384615384615385,204.23333333333335,0.10483870967741936
SHORT,Slope_Accel_LT:lo,40,39,1,4.75,99.17,0.10752688172043011
SHORT,Micro_BarEntropy:lo,40,38,2,4.8,182.6625,0.10752688172043011
SHORT,Micro_CSSpread:hi,38,38,0,4.605263157894737,147.56052631578947,0.10215053763440861
SHORT,Micro_RangeAccel:lo,38,38,0,5.815789473684211,599.8315789473684,0.10215053763440861
SHORT,WeeklyOpen_Dist_ATR:hi,39,38,1,4.794871794871795,143.16153846153847,0.10483870967741936
SHORT,AT_Lookback_ST:hi,38,37,1,5.0,67.66052631578947,0.10215053763440861
SHORT,Momentum_Value:hi,35,35,0,5.171428571428572,127.26857142857142,0.09408602150537634
SHORT,MultiDay_Slope:hi,36,35,1,4.722222222222222,209.86944444444444,0.0967741935483871
SHORT,Volume_Ratio_10:hi,36,35,1,5.111111111111111,148.52222222222224,0.0967741935483871
SHORT,Micro_HLAsymmetry:hi,35,34,1,4.8,183.6342857142857,0.09408602150537634
SHORT,Micro_Lambda:hi,34,34,0,4.705882352941177,244.80882352941177,0.0913978494623656
SHORT,Micro_MomoTransfer:hi,34,34,0,5.5588235294117645,224.16176470588235,0.0913978494623656
SHORT,Micro_OrderFlowDelta:lo,34,34,0,5.411764705882353,267.52058823529416,0.0913978494623656
SHORT,Micro_BarOverlap:lo,32,32,0,4.46875,159.2125,0.08602150537634409
SHORT,Micro_IBSP:lo,33,32,1,5.575757575757576,642.2121212121212,0.08870967741935484
SHORT,VAL_Side:==0,32,32,0,5.34375,243.828125,0.08602150537634409
SHORT,VAH_Side:==0,31,31,0,5.483870967741935,216.46451612903223,0.08333333333333333
SHORT,Bars_Since_Flip:hi,31,30,1,5.161290322580645,100.45483870967742,0.08333333333333333
SHORT,OR_High_Side:==-1,30,30,0,5.6,166.57999999999998,0.08064516129032258
SHORT,Micro_GarmanKlass:hi,29,28,1,4.827586206896552,128.2862068965517,0.07795698924731183
SHORT,DailyOpen_Dist_ATR:lo,28,27,1,5.357142857142857,233.07857142857142,0.07526881720430108
SHORT,Micro_CSSpread:lo,27,27,0,4.777777777777778,116.77777777777777,0.07258064516129033
SHORT,D2D_Signal:==-1,26,26,0,5.5,740.373076923077,0.06989247311827956
SHORT,OR_High_Side:==1,26,26,0,4.230769230769231,165.66923076923075,0.06989247311827956
SHORT,ADX_Value:lo,25,25,0,4.52,143.076,0.06720430107526881
SHORT,AT_Slope_ST:hi,26,25,1,4.884615384615385,172.61153846153846,0.06989247311827956
SHORT,Body_Size:hi,25,25,0,5.24,270.10400000000004,0.06720430107526881
SHORT,PrevDay_Close_Side:==-1,25,25,0,4.32,181.672,0.06720430107526881
SHORT,RangeOsc_Val:lo,25,25,0,5.84,244.96399999999997,0.06720430107526881
SHORT,Micro_VolAccel:lo,24,24,0,5.666666666666667,769.5500000000001,0.06451612903225806
SHORT,PrevDay_Close_Dist_ATR:lo,24,24,0,5.125,224.55416666666667,0.06451612903225806
SHORT,VWAP_Side:==1,24,24,0,5.125,224.55416666666667,0.06451612903225806
SHORT,AT_Regime_ST:==0,24,23,1,5.25,752.3833333333333,0.06451612903225806
SHORT,VAH_Side:==-1,24,23,1,4.666666666666667,234.90833333333333,0.06451612903225806
SHORT,Efficiency_Ratio:hi,22,22,0,6.5,832.9181818181819,0.05913978494623656
SHORT,VWAP_Z:lo,23,22,1,5.6521739130434785,179.26521739130436,0.06182795698924731
SHORT,Micro_MicroGap:lo,21,21,0,5.571428571428571,253.44285714285715,0.056451612903225805
SHORT,Micro_Rejection:hi,21,21,0,4.619047619047619,105.35238095238095,0.056451612903225805
SHORT,Micro_WickImbalance:hi,22,21,1,5.2727272727272725,226.88181818181818,0.05913978494623656
SHORT,PoC_Side:==0,21,21,0,4.857142857142857,171.32380952380953,0.056451612903225805
SHORT,Slope_Accel_ST:lo,21,21,0,5.666666666666667,856.8714285714285,0.056451612903225805
SHORT,VWAP_Sigma:lo,21,21,0,5.571428571428571,293.31428571428575,0.056451612903225805
SHORT,VWAP_Sigma_ATR:lo,21,21,0,5.714285714285714,887.0047619047618,0.056451612903225805
SHORT,Micro_MicroGap:hi,21,20,1,4.761904761904762,886.8666666666666,0.056451612903225805
SHORT,Micro_PriceAccel:lo,20,20,0,4.95,204.85999999999999,0.053763440860215055
SHORT,PrevDay_Low_Side:==1,20,20,0,5.65,223.4,0.053763440860215055
SHORT,Slope_EMA_ST:hi,21,20,1,4.666666666666667,217.95238095238096,0.056451612903225805
SHORT,Upper_Wick:hi,20,20,0,5.0,195.065,0.053763440860215055
SHORT,D2D_Dn_Count:hi,19,19,0,5.894736842105263,936.8421052631579,0.051075268817204304
SHORT,Micro_BarOverlap:hi,20,19,1,5.15,100.36,0.053763440860215055
SHORT,OBV_Velocity:lo,18,18,0,4.944444444444445,203.29444444444445,0.04838709677419355
SHORT,Slope_EMA_ST:lo,18,18,0,4.777777777777778,99.36666666666666,0.04838709677419355
SHORT,Micro_FailedBreak:lo,16,16,0,4.6875,132.775,0.043010752688172046
SHORT,Micro_IBSP:hi,17,16,1,4.529411764705882,122.62941176470588,0.0456989247311828
SHORT,Micro_ThrustEff:lo,16,16,0,4.875,1059.525,0.043010752688172046
SHORT,Micro_VPIN:lo,17,16,1,4.823529411764706,226.3470588235294,0.0456989247311828
SHORT,Round_500_Dist_ATR:lo,16,16,0,4.5625,171.975,0.043010752688172046
SHORT,Slope_EMA_LT:hi,17,16,1,4.823529411764706,226.3470588235294,0.0456989247311828
SHORT,VA_Position:hi,16,16,0,4.5,235.84375,0.043010752688172046
SHORT,Micro_PriceAccel:hi,15,15,0,5.066666666666666,246.7866666666667,0.04032258064516129
SHORT,OR_High_Dist_ATR:hi,15,15,0,4.666666666666667,153.48666666666668,0.04032258064516129
SHORT,Sqz_State:==-1,15,15,0,4.666666666666667,153.48666666666668,0.04032258064516129
SHORT,VWAP_Dist_ATR:lo,15,15,0,6.0,1194.0,0.04032258064516129
SHORT,AT_Score_LT:lo,14,14,0,4.357142857142857,102.48571428571428,0.03763440860215054
SHORT,DailyOpen_Side:==-1,15,14,1,4.4,226.2,0.04032258064516129
SHORT,KAMA_Dist:hi,14,14,0,4.642857142857143,137.45,0.03763440860215054
SHORT,Micro_TickIntensity:lo,14,14,0,5.142857142857143,197.32142857142858,0.03763440860215054
SHORT,OBV_Velocity:hi,14,14,0,5.285714285714286,148.49285714285716,0.03763440860215054
SHORT,WeeklyOpen_Side:==-1,14,14,0,5.142857142857143,333.5642857142857,0.03763440860215054
SHORT,AT_Slope_LT:hi,13,13,0,5.076923076923077,1224.1538461538462,0.03494623655913978
SHORT,Micro_BarEntropy:hi,12,12,0,4.333333333333333,121.15833333333335,0.03225806451612903
SHORT,Micro_LogReturn:hi,12,12,0,4.666666666666667,144.88333333333333,0.03225806451612903
SHORT,Micro_LogReturn:lo,12,12,0,4.833333333333333,218.45000000000002,0.03225806451612903
SHORT,OBVf_DirStepCount:hi,12,12,0,5.083333333333333,246.15833333333333,0.03225806451612903
SHORT,RangeOsc_State:==-2,12,12,0,4.416666666666667,183.98333333333335,0.03225806451612903
SHORT,Slope_Accel_ST:hi,12,12,0,4.916666666666667,287.7083333333333,0.03225806451612903
SHORT,VWAP_Sigma:hi,12,12,0,4.416666666666667,183.98333333333335,0.03225806451612903
SHORT,Efficiency_Ratio:lo,11,11,0,3.909090909090909,183.43636363636364,0.02956989247311828
SHORT,Micro_RollProxy:lo,12,11,1,4.5,33.733333333333334,0.03225806451612903
SHORT,Micro_VolAccel:hi,12,11,1,4.833333333333333,98.01666666666667,0.03225806451612903
SHORT,MultiDay_Slope:lo,11,11,0,4.545454545454546,169.97272727272727,0.02956989247311828
SHORT,OBV_Macd:lo,11,11,0,4.545454545454546,169.97272727272727,0.02956989247311828
SHORT,Volume_Ratio_10:lo,12,11,1,4.5,33.733333333333334,0.03225806451612903
SHORT,Lower_Wick:hi,10,10,0,4.9,148.98,0.026881720430107527
SHORT,Micro_ThrustEff:hi,10,10,0,4.3,73.47999999999999,0.026881720430107527
SHORT,MultiDay_Position:hi,11,10,1,5.090909090909091,105.06363636363636,0.02956989247311828
SHORT,Micro_FractalDim:lo,9,9,0,4.666666666666667,101.1888888888889,0.024193548387096774
SHORT,Round_100_Dist_ATR:lo,9,9,0,4.444444444444445,136.4888888888889,0.024193548387096774
SHORT,Micro_RollProxy:hi,8,8,0,5.25,175.3875,0.021505376344086023
SHORT,AT_Lookback_LT:hi,7,7,0,4.428571428571429,202.1,0.01881720430107527
SHORT,DailyOpen_Dist_ATR:hi,7,7,0,5.571428571428571,230.14285714285714,0.01881720430107527
SHORT,Micro_Amihud:lo,7,7,0,4.428571428571429,202.1,0.01881720430107527
SHORT,Micro_Hurst:lo,7,7,0,5.571428571428571,230.14285714285714,0.01881720430107527
SHORT,Micro_AutoCorr:lo,6,6,0,5.0,352.4666666666667,0.016129032258064516
SHORT,Micro_VolOfVol:lo,6,6,0,6.833333333333333,2539.3333333333335,0.016129032258064516
SHORT,Dist_To_PoC_ATR:lo,5,5,0,5.0,300.84000000000003,0.013440860215053764
SHORT,Micro_AutoCorr:hi,5,5,0,3.2,72.72,0.013440860215053764
SHORT,Slope_Accel_LT:hi,5,5,0,5.0,300.84000000000003,0.013440860215053764
SHORT,VWAP_Side:==-1,5,5,0,3.2,72.72,0.013440860215053764
SHORT,WeeklyOpen_Dist_ATR:lo,5,5,0,4.6,153.78,0.013440860215053764
SHORT,VAL_Side:==-1,4,4,0,4.25,86.575,0.010752688172043012
SHORT,Body_Size:lo,3,3,0,4.333333333333333,130.56666666666666,0.008064516129032258
SHORT,OR_Low_Side:==-1,3,3,0,4.333333333333333,130.56666666666666,0.008064516129032258
SHORT,PrevDay_Low_Side:==-1,3,3,0,6.666666666666667,4957.9,0.008064516129032258
