direction,condition,variable,in_book_this_dir,book_group,traded_bars_true,traded_rate,untraded_rate_hourmatched,untraded_rate_raw,lift_hourmatched,lift_raw,fisher_p_raw
LONG,ADX_Rising:==0,ADX_Rising,True,LONG-only,269,0.4475873544093178,0.48258072585687745,0.47097868574378643,0.9274870097942165,0.9503346286307454,0.27757410933569004
LONG,ADX_Rising:==1,ADX_Rising,True,LONG-only,332,0.5524126455906821,0.5174192741431282,0.5290213142562136,1.067630591275334,1.0442162361026153,0.27757410933569004
LONG,ADX_Value:hi,ADX_Value,True,LONG-only,109,0.18136439267886856,0.23269584180173575,0.24441330481598939,0.7794053871980952,0.7420397707703014,0.00030936028422472606
LONG,ADX_Value:lo,ADX_Value,True,both,126,0.2096505823627288,0.18472120113769547,0.17663544509182094,1.1349567947344084,1.1869111675391397,0.04360787073518152
LONG,ATR_1M:hi,ATR_1M,False,SHORT-only,538,0.8951747088186356,0.6870674453534569,0.6479828895936278,1.302892044838654,1.3814789297600591,1.3248596723880075e-42
LONG,ATR_1M:lo,ATR_1M,False,not-in-book,0,0.0,0.0,0.0,inf,inf,1.0
LONG,AT_Lookback_LT:hi,AT_Lookback_LT,True,both,87,0.1447587354409318,0.19469940607680444,0.19617965926690759,0.7434985979558038,0.7378886067081181,0.0015349780222906778
LONG,AT_Lookback_LT:lo,AT_Lookback_LT,False,not-in-book,0,0.0,0.0,0.0,inf,inf,1.0
LONG,AT_Lookback_ST:hi,AT_Lookback_ST,True,both,172,0.28618968386023297,0.16326145139694484,0.16321262629987462,1.7529532012085771,1.7534775975873922,2.3535847629589076e-13
LONG,AT_Lookback_ST:lo,AT_Lookback_ST,False,not-in-book,0,0.0,0.0,0.0,inf,inf,1.0
LONG,AT_Regime_LT:==0,AT_Regime_LT,False,not-in-book,207,0.34442595673876875,0.6016391846657826,0.5907515303488458,0.572479262516954,0.5830301557329545,1.5553430317655432e-32
LONG,AT_Regime_LT:==1,AT_Regime_LT,True,LONG-only,394,0.6555740432612313,0.3983608153342191,0.4092484696511542,1.645679037761819,1.6018973603494386,1.5553430317655432e-32
LONG,AT_Regime_ST:==0,AT_Regime_ST,False,SHORT-only,295,0.4908485856905158,0.8338951424270395,0.8406962165351427,0.58862147135419,0.5838596344747525,1.2301841920487049e-82
LONG,AT_Regime_ST:==1,AT_Regime_ST,True,LONG-only,306,0.5091514143094842,0.16610485757293733,0.1593037834648573,3.0652409673565004,3.1961037160288406,1.2301841920487049e-82
LONG,AT_Score_LT:hi,AT_Score_LT,True,both,26,0.04326123128119801,0.09111882057689796,0.09277970351795856,0.4747782182352605,0.46627904208407295,8.365271503682545e-06
LONG,AT_Score_LT:lo,AT_Score_LT,True,both,119,0.19800332778702162,0.05979502845939436,0.06431152739877571,3.3113677322100754,3.0788155062663147,3.429900954882719e-26
LONG,AT_Score_ST:hi,AT_Score_ST,False,not-in-book,70,0.11647254575707154,0.2439640837356614,0.24050446198097206,0.47741677370539193,0.4842843446550546,6.878711779695529e-14
LONG,AT_Score_ST:lo,AT_Score_ST,False,not-in-book,73,0.12146422628951747,0.013628107686830588,0.014676598569216019,8.912772710689207,8.27604745859079,1.2553576643757545e-38
LONG,AT_Slope_LT:hi,AT_Slope_LT,False,SHORT-only,115,0.1913477537437604,0.3586710138854754,0.3476657570617302,0.5334909884991661,0.550378488122963,1.5446435225904757e-16
LONG,AT_Slope_LT:lo,AT_Slope_LT,True,LONG-only,283,0.47088186356073214,0.19197343773201886,0.1864444280551663,2.452849045804188,2.5255882864003034,1.7358820405294758e-53
LONG,AT_Slope_ST:hi,AT_Slope_ST,False,SHORT-only,226,0.37603993344425957,0.6090425015828237,0.5962829117191534,0.61742806531068,0.6306401308065201,2.623202112671451e-26
LONG,AT_Slope_ST:lo,AT_Slope_ST,True,both,192,0.3194675540765391,0.046715266305771566,0.04093222214027583,6.8386114291950335,7.804793812114943,2.069827184000821e-102
LONG,Bar_Range:hi,Bar_Range,True,both,480,0.7986688851913477,0.6298951825779504,0.5970941809867985,1.2679393449600027,1.3375928130322978,7.313772420824046e-25
LONG,Bar_Range:lo,Bar_Range,False,not-in-book,0,0.0,0.0009670655386906006,0.0013275315288738107,0.0,0.0,1.0
LONG,Bars_Since_Flip:hi,Bars_Since_Flip,True,both,173,0.2878535773710483,0.1737426731944617,0.17398038203407332,1.6567811009150746,1.6545174461950163,2.1065548916594258e-11
LONG,Bars_Since_Flip:lo,Bars_Since_Flip,False,not-in-book,173,0.2878535773710483,0.20325584687718798,0.20193229589202744,1.4162130231115873,1.4254954914441358,8.818589738204822e-07
LONG,Body_Size:hi,Body_Size,True,both,351,0.5840266222961731,0.5001830343686937,0.4942104874990781,1.1676258132851358,1.181736602255456,1.695235615749992e-05
LONG,Body_Size:lo,Body_Size,False,SHORT-only,34,0.056572379367720464,0.07278800165589443,0.07139169555276938,0.7772212188921825,0.7924224089327705,0.19271697107825148
LONG,D2D_ATR:hi,D2D_ATR,True,both,529,0.8801996672212978,0.6666464934711188,0.6060918946824987,1.3203394540309403,1.45225447649715,1.7844653758443547e-48
LONG,D2D_ATR:lo,D2D_ATR,False,not-in-book,0,0.0,0.0007995638420488636,0.0016225385352902132,0.0,0.0,1.0
LONG,D2D_ATR_MA:hi,D2D_ATR_MA,True,both,481,0.800332778702163,0.6290804848567307,0.5596282911719154,1.2722263652550498,1.4301149375886435,5.9217655985695095e-34
LONG,D2D_ATR_MA:lo,D2D_ATR_MA,False,not-in-book,2,0.0033277870216306157,0.01046057467444509,0.021683014971605574,0.3181265967882541,0.15347436811663104,0.0003970782862067881
LONG,D2D_DirStep:==-1,D2D_DirStep,True,LONG-only,175,0.2911813643926789,0.2727960870842997,0.26447378125230475,1.067395678233089,1.1009838593977503,0.1567226633233213
LONG,D2D_DirStep:==1,D2D_DirStep,True,LONG-only,426,0.7088186356073212,0.7272039129156925,0.7355262187476953,0.9747178515106494,0.9636891487215148,0.1567226633233213
LONG,D2D_Dn_Count:hi,D2D_Dn_Count,False,SHORT-only,0,0.0,0.0,0.0,inf,inf,1.0
LONG,D2D_Dn_Count:lo,D2D_Dn_Count,False,not-in-book,0,0.0,0.0,0.0,inf,inf,1.0
LONG,D2D_Dynamic_Sensitivity:hi,D2D_Dynamic_Sensitivity,False,not-in-book,0,0.0,0.0,0.0,inf,inf,1.0
LONG,D2D_Dynamic_Sensitivity:lo,D2D_Dynamic_Sensitivity,True,both,90,0.1497504159733777,0.09543609588919649,0.11416771148314772,1.5691171624124418,1.3116704716944627,0.009104945556634202
LONG,D2D_Persist:hi,D2D_Persist,True,LONG-only,156,0.259567387687188,0.3873686291418346,0.38778670993436093,0.6700784941264505,0.6693560687810161,1.0002255015815044e-10
LONG,D2D_Persist:lo,D2D_Persist,False,not-in-book,23,0.03826955074875208,0.008326014495398439,0.007743933918430563,4.5963829116442945,4.9418746533555185,3.8057612801969226e-09
LONG,D2D_Signal:==-1,D2D_Signal,False,SHORT-only,0,0.0,0.0,0.0,inf,inf,1.0
LONG,D2D_Signal:==0,D2D_Signal,True,LONG-only,483,0.8036605657237936,0.9733749067864786,0.9699830370971311,0.8256433981609577,0.8285305360894858,6.911614213012717e-54
LONG,D2D_Signal:==1,D2D_Signal,True,LONG-only,118,0.19633943427620631,0.026625093213543564,0.030016962902868944,7.374225235625955,6.540949359584967,6.911614213012717e-54
LONG,D2D_Up_Count:hi,D2D_Up_Count,False,not-in-book,121,0.20133111480865223,0.027898659401065003,0.03149199793495096,7.216515744156747,6.393088022694416,2.0571198226586636e-54
LONG,D2D_Up_Count:lo,D2D_Up_Count,False,not-in-book,0,0.0,0.0,0.0,inf,inf,1.0
LONG,DailyOpen_Dist_ATR:hi,DailyOpen_Dist_ATR,False,SHORT-only,64,0.1064891846921797,0.12989161097408533,0.12264916291761929,0.81983111837319,0.8682422460861483,0.2518150902674894
LONG,DailyOpen_Dist_ATR:lo,DailyOpen_Dist_ATR,True,both,257,0.4276206322795341,0.2818666405043848,0.3000958772770853,1.5171026678230903,1.4249467075640707,1.0482713425799975e-10
LONG,DailyOpen_Side:==-1,DailyOpen_Side,True,both,335,0.5574043261231281,0.3439615396761615,0.35349214543845414,1.6205425951050287,1.5768506692892748,2.976883011998144e-23
LONG,DailyOpen_Side:==0,DailyOpen_Side,False,not-in-book,0,0.0,0.00030212561325038996,0.00029500700641640237,0.0,0.0,1.0
LONG,DailyOpen_Side:==1,DailyOpen_Side,True,LONG-only,266,0.4425956738768719,0.655736334710584,0.6462128475551294,0.6749598130355489,0.68490695527237,3.162112089470206e-23
LONG,Dist_To_PoC_ATR:hi,Dist_To_PoC_ATR,False,not-in-book,47,0.07820299500831947,0.18966418846735666,0.17958551515598495,0.41232346306524326,0.4354638231284615,4.431073764362383e-12
LONG,Dist_To_PoC_ATR:lo,Dist_To_PoC_ATR,True,both,112,0.18635607321131448,0.08091235388406137,0.08496201784792388,2.303184424449479,2.193404511000185,2.500611419228884e-14
LONG,EMA_Oscillator:hi,EMA_Oscillator,True,LONG-only,309,0.5141430948419301,0.6484719952579937,0.6347813260564938,0.7928531973649517,0.8099530873662983,3.753862601726019e-09
LONG,EMA_Oscillator:lo,EMA_Oscillator,True,both,44,0.07321131447587355,0.010640997435092532,0.009366472453720775,6.8801176696493505,7.816316637624957,9.234775317396337e-23
LONG,Efficiency_Ratio:hi,Efficiency_Ratio,True,both,199,0.33111480865224624,0.21555873459691954,0.2211077513090936,1.5360769735051973,1.49752691478179,1.7353621612091366e-09
LONG,Efficiency_Ratio:lo,Efficiency_Ratio,False,SHORT-only,72,0.11980033277870217,0.19657389135077458,0.19278707869311895,0.6094417318367347,0.6214126672327555,3.416446469836268e-06
LONG,Harmonic_D2D_Concordance:==0,Harmonic_D2D_Concordance,False,not-in-book,426,0.7088186356073212,0.48324601135519546,0.4825577107456302,1.466786313702909,1.4688784777930106,5.4434927318407325e-28
LONG,Harmonic_D2D_Concordance:==1,Harmonic_D2D_Concordance,False,not-in-book,175,0.2911813643926789,0.5167539886448116,0.5174422892543697,0.5634816001252407,0.5627320581243349,5.4434927318407325e-28
LONG,Harmonic_LLEMA:hi,Harmonic_LLEMA,True,LONG-only,170,0.28286189683860236,0.4978901310488215,0.49811933033409544,0.5681211158830256,0.5678597067270668,9.952868951967693e-26
LONG,Harmonic_LLEMA:lo,Harmonic_LLEMA,False,not-in-book,21,0.03494176372712146,0.013260985379958994,0.012316542517884799,2.6349296621598044,2.836978289676886,4.945766453753192e-05
LONG,Harmonic_OBVf_Concordance:==0,Harmonic_OBVf_Concordance,True,LONG-only,432,0.718801996672213,0.5398104842790865,0.5397153182388081,1.3315821341116938,1.3318169271492943,1.4537424620173347e-18
LONG,Harmonic_OBVf_Concordance:==1,Harmonic_OBVf_Concordance,False,not-in-book,169,0.281198003327787,0.4601895157209168,0.4602846817611918,0.6110482610349608,0.6109219239098644,1.4537424620173347e-18
LONG,KAMA_Dist:hi,KAMA_Dist,True,both,362,0.6023294509151415,0.6334378059603278,0.6207684932517147,0.9508896457513705,0.9702964268692412,0.3673609117235105
LONG,KAMA_Dist:lo,KAMA_Dist,True,LONG-only,74,0.12312811980033278,0.024948451990087602,0.02219927723283428,4.935300989787,5.546492280308014,1.3921743010201974e-29
LONG,KAMA_Dist_ATR:hi,KAMA_Dist_ATR,False,not-in-book,129,0.2146422628951747,0.3477790496546398,0.34080684416254886,0.617179968455041,0.6298061983543982,3.7114823347998736e-11
LONG,KAMA_Dist_ATR:lo,KAMA_Dist_ATR,False,not-in-book,8,0.013311148086522463,0.0036463746032466674,0.003171325318976326,3.650515795790825,4.197345509422281,0.001274177393034396
LONG,KAMA_Slope:hi,KAMA_Slope,False,not-in-book,237,0.39434276206322794,0.5471818632414134,0.5466479828895936,0.7206795191039551,0.7213833662729773,2.467463548869285e-13
LONG,KAMA_Slope:lo,KAMA_Slope,False,not-in-book,40,0.06655574043261231,0.018465921699170655,0.016815399365734937,3.604246867114219,3.958023177744694,3.2323227083202063e-12
LONG,Lower_Wick:hi,Lower_Wick,True,both,232,0.3860232945091514,0.418345695029006,0.3925805737886275,0.9227375806565584,0.9832969848299049,0.7651927475208864
LONG,Lower_Wick:lo,Lower_Wick,True,both,97,0.16139767054908485,0.10751058659857238,0.11807655431816505,1.5012258388256998,1.3668900780606132,0.0020259123129488556
LONG,Micro_Amihud:hi,Micro_Amihud,True,LONG-only,166,0.2762063227953411,0.21088301727893768,0.2550335570469799,1.3097608634364304,1.0830195288554163,0.251646714190215
LONG,Micro_Amihud:lo,Micro_Amihud,True,both,99,0.16472545757071547,0.16443292694727038,0.1469134891953684,1.0017790270408486,1.1212412044183389,0.23971611078022997
LONG,Micro_AutoCorr:hi,Micro_AutoCorr,True,both,176,0.2928452579034942,0.20494074600268367,0.2099712368168744,1.4289264756538917,1.3946922556773718,2.6934953526117617e-06
LONG,Micro_AutoCorr:lo,Micro_AutoCorr,False,SHORT-only,93,0.15474209650582363,0.20223760607914001,0.20075226786636183,0.7651499615025588,0.7708112000449899,0.005568959005513339
LONG,Micro_BarEntropy:hi,Micro_BarEntropy,False,SHORT-only,94,0.15640599001663893,0.1833773990799107,0.17796297662069474,0.8529185755791072,0.878868138680318,0.18991992414008319
LONG,Micro_BarEntropy:lo,Micro_BarEntropy,False,SHORT-only,128,0.2129783693843594,0.20676915846284724,0.21690390146765987,1.0300296764163106,0.9819019756826008,0.8398319937566916
LONG,Micro_BarOverlap:hi,Micro_BarOverlap,False,SHORT-only,86,0.14309484193011648,0.19274709767286763,0.19138579541264106,0.7423968695652089,0.7476774418999804,0.002840530485331606
LONG,Micro_BarOverlap:lo,Micro_BarOverlap,True,both,188,0.31281198003327787,0.21210628261632816,0.22427907662806992,1.4747888472455708,1.394744372663997,1.0254803682286918e-06
LONG,Micro_CSSpread:hi,Micro_CSSpread,True,both,152,0.2529118136439268,0.19296002308627347,0.20812744302677189,1.310695394822007,1.2151776333090019,0.010415088422317541
LONG,Micro_CSSpread:lo,Micro_CSSpread,True,both,95,0.15806988352745424,0.22153123268882444,0.21070875433291542,0.713533173669865,0.7501818518546559,0.0017148131751436014
LONG,Micro_Entropy:hi,Micro_Entropy,False,not-in-book,69,0.11480865224625623,0.1539222763508967,0.15155984954642673,0.7458871773993706,0.7575136329961013,0.012068479214428971
LONG,Micro_Entropy:lo,Micro_Entropy,True,both,146,0.24292845257903495,0.15925432779568052,0.16542517884799765,1.5254119366269676,1.4685095356750488,2.034966035630102e-06
LONG,Micro_FailedBreak:hi,Micro_FailedBreak,True,LONG-only,214,0.3560732113144759,0.2439129642609907,0.25407478427612656,1.4598371693497683,1.401450412833956,6.513265148779576e-08
LONG,Micro_FailedBreak:lo,Micro_FailedBreak,False,SHORT-only,19,0.03161397670549085,0.2014086867209077,0.20023600560513313,0.15696431579089923,0.15788357648241266,1.295275904043583e-33
LONG,Micro_FractalDim:hi,Micro_FractalDim,True,LONG-only,87,0.1447587354409318,0.20257909534278717,0.20252230990486025,0.7145788423824448,0.7147792038760357,0.0003868972274200209
LONG,Micro_FractalDim:lo,Micro_FractalDim,True,both,152,0.2529118136439268,0.19612728894579082,0.1964009145217199,1.2895289329871433,1.2877323624476167,0.00097876468363426
LONG,Micro_GarmanKlass:hi,Micro_GarmanKlass,True,both,492,0.8186356073211315,0.6333208895071729,0.593849103916218,1.2926079352256385,1.3785246149611552,5.244464512167476e-31
LONG,Micro_GarmanKlass:lo,Micro_GarmanKlass,False,not-in-book,0,0.0,0.002336692743256659,0.0028763183125599234,0.0,0.0,0.4126798776292485
LONG,Micro_HLAsymmetry:hi,Micro_HLAsymmetry,True,both,351,0.5840266222961731,0.3836371294779769,0.38845047569879787,1.5223412371239207,1.5034776859149062,3.704073794664916e-21
LONG,Micro_HLAsymmetry:lo,Micro_HLAsymmetry,True,both,160,0.26622296173044924,0.2864933217393337,0.2794453868279372,0.9292466578773259,0.9526833301934973,0.5152431949060852
LONG,Micro_Hurst:hi,Micro_Hurst,True,both,202,0.33610648918469216,0.20097804602978114,0.19986724684711263,1.672354248756541,1.6816486667362511,2.6918773036482675e-14
LONG,Micro_Hurst:lo,Micro_Hurst,False,SHORT-only,85,0.14143094841930118,0.19344998511365638,0.18850947710008112,0.7310982646817326,0.750259088269681,0.0032163574955044374
LONG,Micro_IBSP:hi,Micro_IBSP,True,both,161,0.26788685524126454,0.234202941071928,0.23939818570691054,1.1438236173088518,1.1190011923032366,0.11852664320236028
LONG,Micro_IBSP:lo,Micro_IBSP,True,both,77,0.1281198003327787,0.19352799352993258,0.1964009145217199,0.6620220568398684,0.6523381046609636,1.804845777353376e-05
LONG,Micro_Lambda:hi,Micro_Lambda,False,SHORT-only,156,0.259567387687188,0.23558177016042614,0.26823512058411386,1.1018144040195816,0.9676860625929564,0.6719230386022597
LONG,Micro_Lambda:lo,Micro_Lambda,True,LONG-only,112,0.18635607321131448,0.16855919957330706,0.1576812449295671,1.1055823335840385,1.181853132213383,0.0678187972233624
LONG,Micro_LogReturn:hi,Micro_LogReturn,True,both,342,0.5690515806988353,0.3777357692797299,0.3840991223541559,1.5064805268082189,1.4815227309323173,4.181194494939024e-19
LONG,Micro_LogReturn:lo,Micro_LogReturn,True,both,114,0.1896838602329451,0.3288221471510414,0.3241389483000221,0.5768585293794568,0.5851930513989767,5.676152721312395e-13
LONG,Micro_MicroGap:hi,Micro_MicroGap,True,both,91,0.15141430948419302,0.1365402839238423,0.1362194852127738,1.108935071269128,1.1115466282058328,0.3022823570462913
LONG,Micro_MicroGap:lo,Micro_MicroGap,True,both,100,0.16638935108153077,0.13499561165674634,0.1351132089387123,1.232553777411738,1.2314810105428362,0.033341301850153646
LONG,Micro_MomoTransfer:hi,Micro_MomoTransfer,True,both,163,0.27121464226289516,0.2087783512373782,0.21358507264547533,1.299055388911122,1.2698202121694044,0.0011633158078061295
LONG,Micro_MomoTransfer:lo,Micro_MomoTransfer,True,LONG-only,88,0.1464226289517471,0.21627224155613103,0.21808392949332547,0.6770292289856567,0.6714049462146563,1.5351903362479496e-05
LONG,Micro_OrderFlowDelta:hi,Micro_OrderFlowDelta,True,both,308,0.5124792013311148,0.38927636745654426,0.37701895420016224,1.316491942933895,1.3592929363944808,5.5621812751944125e-11
LONG,Micro_OrderFlowDelta:lo,Micro_OrderFlowDelta,True,both,149,0.24792013311148087,0.3391426241172271,0.32443395530643854,0.7310202713587115,0.7641621015818525,6.880270201221238e-05
LONG,Micro_PriceAccel:hi,Micro_PriceAccel,True,both,263,0.43760399334442596,0.3353118053720973,0.33468544877940853,1.3050658710295464,1.3075082736353176,3.0191015155930136e-07
LONG,Micro_PriceAccel:lo,Micro_PriceAccel,True,both,147,0.24459234608985025,0.35702449608197184,0.35408215945128696,0.6850856139397575,0.69077850877573,1.921269983720572e-08
LONG,Micro_RangeAccel:hi,Micro_RangeAccel,True,LONG-only,210,0.34941763727121466,0.3647362371402198,0.36219485212773805,0.9580008830789247,0.964722814856526,0.5437675600170883
LONG,Micro_RangeAccel:lo,Micro_RangeAccel,True,both,251,0.4176372712146423,0.30101720018424616,0.2988420974998156,1.3874199579260438,1.3975182034549198,1.8191005349409406e-09
LONG,Micro_RangeVelocity:hi,Micro_RangeVelocity,True,LONG-only,208,0.34608985024958405,0.34913973615944205,0.35275462792241313,0.9912645694717911,0.9811064770090133,0.7601615444278936
LONG,Micro_RangeVelocity:lo,Micro_RangeVelocity,True,both,240,0.39933444259567386,0.3131742350197861,0.3078398111955159,1.2751190805030441,1.2972150711918404,3.3889020693186915e-06
LONG,Micro_Rejection:hi,Micro_Rejection,True,both,91,0.15141430948419302,0.1891398155747987,0.18268308872335717,0.8005416999273405,0.8288359395624437,0.05152550710511167
LONG,Micro_Rejection:lo,Micro_Rejection,True,LONG-only,183,0.30449251247920134,0.17638242694622572,0.17670919684342504,1.7263200067659403,1.7231277031325087,1.0921388552381076e-13
LONG,Micro_RollProxy:hi,Micro_RollProxy,True,both,332,0.5524126455906821,0.36791233056192063,0.3681687440076702,1.5014790201431143,1.5004333056017747,3.4061756666227583e-19
LONG,Micro_RollProxy:lo,Micro_RollProxy,True,both,170,0.28286189683860236,0.38333526055947265,0.3807065417803673,0.7378968906376346,0.7429919525832254,8.803115399297331e-07
LONG,Micro_ThrustEff:hi,Micro_ThrustEff,False,SHORT-only,257,0.4276206322795341,0.27352631664481625,0.2869680654915554,1.563361937253061,1.4901331670722702,8.486624895899464e-13
LONG,Micro_ThrustEff:lo,Micro_ThrustEff,True,both,85,0.14143094841930118,0.14739136244830614,0.14433217788922487,0.9595606287234407,0.979898942063007,0.9055287250310979
LONG,Micro_TickIntensity:hi,Micro_TickIntensity,True,both,127,0.2113144758735441,0.1641629019339114,0.14440592964082896,1.2872242960143028,1.4633365568791545,1.61058366680788e-05
LONG,Micro_TickIntensity:lo,Micro_TickIntensity,True,both,165,0.27454242928452577,0.22193742242518175,0.26646507854561546,1.237026303561212,1.0303129805338735,0.6715033666001788
LONG,Micro_VPIN:hi,Micro_VPIN,True,LONG-only,145,0.24126455906821964,0.2223504175607775,0.2207389925510731,1.0850645648204016,1.0929856854012663,0.2482712289175431
LONG,Micro_VPIN:lo,Micro_VPIN,True,both,121,0.20133111480865223,0.19444575508991124,0.1969909285345527,1.0354101827296627,1.0220324169563892,0.7934043177733705
LONG,Micro_VolAccel:hi,Micro_VolAccel,False,SHORT-only,170,0.28286189683860236,0.24474324044402682,0.250018437937901,1.155749577906293,1.1313641472668465,0.0753273266379364
LONG,Micro_VolAccel:lo,Micro_VolAccel,False,SHORT-only,151,0.2512479201331115,0.25336939540537445,0.25562357105981265,0.9916269474106423,0.9828824434751469,0.848417937058165
LONG,Micro_VolOfVol:hi,Micro_VolOfVol,True,LONG-only,223,0.37104825291181365,0.2657890239561131,0.2945644959067778,1.3960254919069979,1.2596502907439362,8.584167914800657e-05
LONG,Micro_VolOfVol:lo,Micro_VolOfVol,True,both,105,0.17470881863560733,0.20615675929947141,0.18939449811933035,0.8474561747539814,0.9224598410748441,0.39415860987097084
LONG,Micro_WickImbalance:hi,Micro_WickImbalance,True,both,191,0.3178036605657238,0.3297012852358004,0.3096836049856184,0.9639139269306534,1.026220489071362,0.6850906997963038
LONG,Micro_WickImbalance:lo,Micro_WickImbalance,True,both,232,0.3860232945091514,0.31148097215698123,0.3059960174054134,1.2393158138552427,1.2615304531813891,4.7668039245437065e-05
LONG,Momentum_Value:hi,Momentum_Value,True,both,367,0.610648918469218,0.5769426459924512,0.5731986134670698,1.0584222239609027,1.0653356517658423,0.06996177001624962
LONG,Momentum_Value:lo,Momentum_Value,True,LONG-only,96,0.15973377703826955,0.07392591729564782,0.06674533520171104,2.1607276971546407,2.393182632996571,2.4599029288658555e-14
LONG,MultiDay_Position:hi,MultiDay_Position,True,both,111,0.18469217970049917,0.39729261285266787,0.3947193745851464,0.4648769539769683,0.46790756064257627,2.378163900367245e-27
LONG,MultiDay_Position:lo,MultiDay_Position,True,LONG-only,231,0.3843594009983361,0.18820061504375035,0.19831846006342652,2.04228557334409,1.9380918996416656,1.2373947117185373e-24
LONG,MultiDay_Slope:hi,MultiDay_Slope,False,SHORT-only,76,0.1264559068219634,0.193361075653222,0.20289106866288073,0.6539884327534058,0.6232699529621962,1.889765094453269e-06
LONG,MultiDay_Slope:lo,MultiDay_Slope,True,both,135,0.22462562396006655,0.23409731466033473,0.23902942694889004,0.9595395158034546,0.9397404613620927,0.43414536477708693
LONG,OBV_Macd:hi,OBV_Macd,False,not-in-book,139,0.23128119800332778,0.48115542463147054,0.4566708459325909,0.48067877064977926,0.5064505432375842,3.7966329978419156e-29
LONG,OBV_Macd:lo,OBV_Macd,True,both,267,0.4442595673876872,0.1208643430444564,0.11092263441256729,3.675687603119469,4.0051299695542895,7.996810175812157e-89
LONG,OBV_Velocity:hi,OBV_Velocity,True,both,189,0.3144758735440932,0.27725692378820155,0.2880743417656169,1.1342399289704428,1.0916483280553917,0.16784869368087357
LONG,OBV_Velocity:lo,OBV_Velocity,False,SHORT-only,46,0.07653910149750416,0.04277581645040171,0.04100597389187993,1.7893077876433,1.8665353906558613,0.00011032178377541241
LONG,OBVf_DirStepCount:hi,OBVf_DirStepCount,False,SHORT-only,41,0.06821963394342762,0.1845204314438358,0.1824618334685449,0.36971317165054574,0.37388440446197857,2.8000056087194696e-15
LONG,OBVf_DirStepCount:lo,OBVf_DirStepCount,False,not-in-book,83,0.13810316139767054,0.1755709295324511,0.17685670034663323,0.7865946928995707,0.7808760489537176,0.013565884152216495
LONG,OBVf_Signal:==-1,OBVf_Signal,True,LONG-only,172,0.28618968386023297,0.19736334979137993,0.19706468028615678,1.45006499009439,1.4522626959060252,3.040850588415935e-07
LONG,OBVf_Signal:==1,OBVf_Signal,True,both,429,0.7138103161397671,0.8026366502086011,0.8029353197138432,0.8893318240006253,0.8890010174096722,3.040850588415935e-07
LONG,OBVf_Trend_Dir:==-1,OBVf_Trend_Dir,False,not-in-book,172,0.28618968386023297,0.19736334979137993,0.19706468028615678,1.45006499009439,1.4522626959060252,3.040850588415935e-07
LONG,OBVf_Trend_Dir:==1,OBVf_Trend_Dir,False,not-in-book,429,0.7138103161397671,0.8026366502086011,0.8029353197138432,0.8893318240006253,0.8890010174096722,3.040850588415935e-07
LONG,OR_High_Dist_ATR:hi,OR_High_Dist_ATR,False,SHORT-only,133,0.22129783693843594,0.22689451335598726,0.19057452614499595,0.9753335753484246,1.1612141528824507,0.0639253830415988
LONG,OR_High_Dist_ATR:lo,OR_High_Dist_ATR,False,not-in-book,0,0.0,0.0,0.0,inf,inf,1.0
LONG,OR_High_Side:==-1,OR_High_Side,True,both,361,0.6006655574043261,0.40398080024575883,0.36366988715982007,1.4868665962315921,1.651678015178515,1.4078528259125308e-30
LONG,OR_High_Side:==0,OR_High_Side,True,LONG-only,79,0.1314475873544093,0.13275460061328978,0.24345453204513606,0.9901546669355155,0.5399266394845307,2.947125836944167e-11
LONG,OR_High_Side:==1,OR_High_Side,True,both,161,0.26788685524126454,0.4632645991409639,0.39287558079504387,0.5782588519347469,0.6818618115667929,3.469915546000139e-10
LONG,OR_Low_Dist_ATR:hi,OR_Low_Dist_ATR,False,not-in-book,110,0.18302828618968386,0.3004668568865596,0.25510730879858395,0.6091463400863066,0.7174560660439213,4.366861916772627e-05
LONG,OR_Low_Dist_ATR:lo,OR_Low_Dist_ATR,False,not-in-book,0,0.0,0.0,0.0,inf,inf,1.0
LONG,OR_Low_Side:==-1,OR_Low_Side,True,both,246,0.40931780366056575,0.20224694377066615,0.16948152518622317,2.0238516144140277,2.41511753691628,2.0194120375749789e-41
LONG,OR_Low_Side:==0,OR_Low_Side,False,not-in-book,80,0.13311148086522462,0.13180918859510196,0.24220075226786636,1.009880132667557,0.5495915252897626,1.0375946324384547e-10
LONG,OR_Low_Side:==1,OR_Low_Side,True,LONG-only,275,0.45757071547420963,0.6659438676342232,0.5883177225459104,0.6871010271477344,0.7777612299253867,3.2409633151587934e-10
LONG,OR_Position:hi,OR_Position,True,LONG-only,194,0.3227953410981697,0.5190188876569464,0.45003318828822186,0.6219337075677414,0.71727008029336,5.829070304318348e-10
LONG,OR_Position:lo,OR_Position,True,LONG-only,261,0.43427620632279534,0.2323367331080567,0.1952208864960543,1.8691672234231653,2.224537620525418,1.6192378986181702e-38
LONG,PoC_Side:==-1,PoC_Side,False,not-in-book,6,0.009983361064891847,0.003252903834290067,0.004130098089829634,3.069061236810487,2.4172212978369383,0.04713261242365049
LONG,PoC_Side:==0,PoC_Side,False,SHORT-only,3,0.004991680532445923,0.0037659786196430115,0.003982594586621432,1.3254670396719086,1.25337400628582,0.7349294311051218
LONG,PoC_Side:==1,PoC_Side,True,LONG-only,592,0.9850249584026622,0.9929811175460951,0.9918873073235489,0.9919876027823222,0.9930815236063423,0.10180328445327597
LONG,PrevDay_Close_Dist_ATR:hi,PrevDay_Close_Dist_ATR,True,both,62,0.10316139767054909,0.1303622829247072,0.13076185559407036,0.7913439022092885,0.7889257704540187,0.05404632382636773
LONG,PrevDay_Close_Dist_ATR:lo,PrevDay_Close_Dist_ATR,False,SHORT-only,245,0.40765391014975044,0.3001137916404555,0.3084298252083487,1.3583311447350308,1.3217071658824644,5.49720503279844e-07
LONG,PrevDay_Close_Side:==-1,PrevDay_Close_Side,True,both,379,0.6306156405990017,0.384084922194919,0.40224205324876466,1.641865129709442,1.5677516448261575,3.2683594461198495e-28
LONG,PrevDay_Close_Side:==0,PrevDay_Close_Side,False,not-in-book,0,0.0,0.0,0.0,inf,inf,1.0
LONG,PrevDay_Close_Side:==1,PrevDay_Close_Side,False,not-in-book,222,0.36938435940099834,0.6159150778050809,0.5977579467512354,0.5997326136540818,0.6179497259861981,3.2683594461198495e-28
LONG,PrevDay_High_Dist_ATR:hi,PrevDay_High_Dist_ATR,True,LONG-only,70,0.11647254575707154,0.06488137364601357,0.06718784571133564,1.7951615265196814,1.733535947222978,1.6585277528288512e-05
LONG,PrevDay_High_Dist_ATR:lo,PrevDay_High_Dist_ATR,True,both,259,0.43094841930116473,0.43244254061708565,0.42753890404897116,0.9965449252199174,1.0079747485431245,0.8663002959428243
LONG,PrevDay_High_Side:==-1,PrevDay_High_Side,True,LONG-only,531,0.8835274542429284,0.6814069918451807,0.6953315141234604,1.2966222313780875,1.2706564225795363,1.2575831234313114e-26
LONG,PrevDay_High_Side:==0,PrevDay_High_Side,False,not-in-book,0,0.0,0.0,0.0,inf,inf,1.0
LONG,PrevDay_High_Side:==1,PrevDay_High_Side,True,both,70,0.11647254575707154,0.3185930081548184,0.30466848587653955,0.3655841238690097,0.3822927252287904,1.2575831234313114e-26
LONG,PrevDay_Low_Dist_ATR:hi,PrevDay_Low_Dist_ATR,False,SHORT-only,24,0.03993344425956739,0.12807407676103652,0.13717825798362712,0.3117995871567054,0.29110622081477106,6.755024178418363e-15
LONG,PrevDay_Low_Dist_ATR:lo,PrevDay_Low_Dist_ATR,True,LONG-only,333,0.5540765391014975,0.3283136248813373,0.3237701895420016,1.6876440607719458,1.711326604482279,1.2398931927625969e-29
LONG,PrevDay_Low_Side:==-1,PrevDay_Low_Side,True,both,220,0.36605657237936773,0.16382384067707717,0.17685670034663323,2.2344523902410725,2.069791936985758,7.80360261183983e-27
LONG,PrevDay_Low_Side:==0,PrevDay_Low_Side,False,not-in-book,0,0.0,0.0,0.0,inf,inf,1.0
LONG,PrevDay_Low_Side:==1,PrevDay_Low_Side,True,both,381,0.6339434276206323,0.8361761593229029,0.8231432996533667,0.7581457813075783,0.770149532757652,7.80360261183983e-27
LONG,RangeOsc_State:==-1,RangeOsc_State,True,both,158,0.2628951747088186,0.08210776076339439,0.08046316100007375,3.201831011643221,3.267273761573668,2.7693721546562524e-38
LONG,RangeOsc_State:==-2,RangeOsc_State,True,both,104,0.17304492512479203,0.10029522090519931,0.0992698576591194,1.7253556407075161,1.7431769240468464,6.219848890598118e-08
LONG,RangeOsc_State:==1,RangeOsc_State,False,not-in-book,220,0.36605657237936773,0.6629203392148226,0.6664945792462571,0.5521878734523866,0.5492266310602907,1.2785252988781337e-48
LONG,RangeOsc_State:==2,RangeOsc_State,True,both,119,0.19800332778702162,0.1546766791165776,0.15377240209454976,1.2801110608134363,1.2876389071770868,0.004759004776122962
LONG,RangeOsc_Val:hi,RangeOsc_Val,True,LONG-only,150,0.24958402662229617,0.4852392882767452,0.4903016446640608,0.514352470321718,0.5090417895565152,3.407635973044859e-32
LONG,RangeOsc_Val:lo,RangeOsc_Val,True,both,75,0.12479201331114809,0.029167279597350403,0.02706689283870492,4.27849340198612,4.610503837836122,1.3795294405094183e-25
LONG,Round_1000_Dist_ATR:hi,Round_1000_Dist_ATR,False,not-in-book,2,0.0033277870216306157,0.018192652599127723,0.020355483442731765,0.18291928587644068,0.16348356603728087,0.0008110176530321063
LONG,Round_1000_Dist_ATR:lo,Round_1000_Dist_ATR,True,LONG-only,352,0.5856905158069884,0.4264115631334039,0.4062246478353861,1.3735333805283176,1.4417897065771523,6.031256396241284e-18
LONG,Round_100_Dist_ATR:hi,Round_100_Dist_ATR,False,not-in-book,1,0.0016638935108153079,0.0034608407985021483,0.004572608599454237,0.4807772468284126,0.36388277601846386,0.5244602947020677
LONG,Round_100_Dist_ATR:lo,Round_100_Dist_ATR,True,both,305,0.5074875207986689,0.36233243816713795,0.35511468397374435,1.4006129933212694,1.4290806426810285,1.0821883942938713e-13
LONG,Round_500_Dist_ATR:hi,Round_500_Dist_ATR,False,not-in-book,0,0.0,0.006713872032454197,0.009513975956928976,0.0,0.0,0.006917089924549931
LONG,Round_500_Dist_ATR:lo,Round_500_Dist_ATR,True,both,320,0.5324459234608985,0.3868962918087507,0.36772623349804556,1.3761980528986186,1.447941090294088,1.3340240678548486e-15
LONG,ST_Flip_Event:==-1,ST_Flip_Event,True,LONG-only,37,0.06156405990016639,0.024187122084204808,0.022568035990854784,2.545323899463437,2.7279316607397255,1.7893364766309159e-07
LONG,ST_Flip_Event:==0,ST_Flip_Event,False,not-in-book,537,0.8935108153078203,0.9531267703297427,0.9531676377313961,0.9374522289398106,0.9374120353419015,5.996228935571152e-09
LONG,ST_Flip_Event:==1,ST_Flip_Event,True,LONG-only,27,0.04492512479201331,0.022686107586064944,0.024264326277749097,1.9802923274334112,1.8514886536623358,0.0031937930617873997
LONG,Session_High_Dist_ATR:hi,Session_High_Dist_ATR,False,SHORT-only,91,0.15141430948419302,0.08165143496064456,0.07294048233645549,1.8543986343555834,2.0758610943338454,1.680303607370381e-10
LONG,Session_High_Dist_ATR:lo,Session_High_Dist_ATR,True,both,166,0.2762063227953411,0.45995974681357044,0.47695257762371857,0.6005010758197765,0.5791064683442136,1.0017165719504317e-22
LONG,Session_High_Side:==-1,Session_High_Side,False,not-in-book,601,1.0,0.995364434144753,0.9946898738845048,1.0046571544011718,1.005338474086157,0.07635615538766449
LONG,Session_High_Side:==0,Session_High_Side,False,not-in-book,0,0.0,0.004635565855277234,0.005310126115495243,0.0,0.0,0.07635615538766449
LONG,Session_Low_Dist_ATR:hi,Session_Low_Dist_ATR,False,not-in-book,36,0.059900166389351084,0.16551404490776409,0.15487867836861124,0.3619038276946927,0.3867554076539102,2.4200667185101456e-12
LONG,Session_Low_Dist_ATR:lo,Session_Low_Dist_ATR,True,LONG-only,157,0.2612312811980033,0.11589089197080055,0.11918283059222656,2.2541139925286124,2.1918533055468608,2.5478499163024626e-20
LONG,Session_Low_Side:==0,Session_Low_Side,False,not-in-book,0,0.0,6.271447861730253e-05,7.375175160410059e-05,0.0,0.0,1.0
LONG,Session_Low_Side:==1,Session_Low_Side,False,not-in-book,601,1.0,0.9999372855214148,0.9999262482483959,1.0000627184119377,1.000073757191326,1.0
LONG,Slope_Accel_LT:hi,Slope_Accel_LT,True,both,179,0.2978369384359401,0.33450598311038005,0.3161000073751752,0.8903785088282266,0.9422237630081455,0.3696410145745393
LONG,Slope_Accel_LT:lo,Slope_Accel_LT,True,both,52,0.08652246256239601,0.028577340804480395,0.026698134080684416,3.027659681646478,3.2407681488495235,1.7602832387982677e-12
LONG,Slope_Accel_ST:hi,Slope_Accel_ST,False,SHORT-only,197,0.3277870216306156,0.3101162249778082,0.31543624161073824,1.056981206494668,1.0391546004885475,0.5303285938149684
LONG,Slope_Accel_ST:lo,Slope_Accel_ST,True,both,170,0.28286189683860236,0.26859877425490847,0.25171472822479535,1.05310196453152,1.1237399528961645,0.0932080806227421
LONG,Slope_EMA_LT:hi,Slope_EMA_LT,False,SHORT-only,115,0.1913477537437604,0.3492792664587972,0.33859429161442584,0.5478359929112276,0.5651239801811473,5.7847494028709805e-15
LONG,Slope_EMA_LT:lo,Slope_EMA_LT,False,not-in-book,282,0.46921797004991683,0.1988321042327908,0.19286083044472307,2.359870262704461,2.432935547191901,3.507588436283801e-50
LONG,Slope_EMA_ST:hi,Slope_EMA_ST,True,both,220,0.36605657237936773,0.6170684820607628,0.5976841949996312,0.5932187156227533,0.612458176812913,7.023608744512135e-29
LONG,Slope_EMA_ST:lo,Slope_EMA_ST,True,both,174,0.2895174708818636,0.034817339049227285,0.030680728667305847,8.31532445579838,9.43646006655574,8.013532911247583e-103
LONG,Sqz_State:==-1,Sqz_State,True,both,379,0.6306156405990017,0.5594167673864883,0.5685522531160115,1.1272733985882188,1.1091603931614817,0.0027627675410336356
LONG,Sqz_State:==1,Sqz_State,True,LONG-only,222,0.36938435940099834,0.44058323261351573,0.4314477468839885,0.8383985863688694,0.856150859678314,0.0027627675410336356
LONG,Sqz_Val:hi,Sqz_Val,True,both,318,0.5291181364392679,0.5309324769919138,0.52194114610222,0.9965827282540232,1.0137505739692005,0.7386831744804523
LONG,Sqz_Val:lo,Sqz_Val,False,not-in-book,124,0.20632279534109818,0.11014517154342579,0.09993362342355631,1.8731896500769754,2.064598363121734,6.284577245297535e-14
LONG,TChan_A15:hi,TChan_A15,True,both,334,0.5557404326123128,0.4692613831086554,0.41323106423777567,1.1842875902780892,1.3448660585026502,7.83117920992061e-12
LONG,TChan_A15:lo,TChan_A15,False,not-in-book,10,0.016638935108153077,0.04240298077654112,0.06755660446935614,0.39240012856262085,0.24629620210856723,1.5651132364383616e-08
LONG,Trend_Concordance:==0,Trend_Concordance,False,not-in-book,172,0.28618968386023297,0.19736334979137993,0.19706468028615678,1.45006499009439,1.4522626959060252,3.040850588415935e-07
LONG,Trend_Concordance:==1,Trend_Concordance,False,not-in-book,429,0.7138103161397671,0.8026366502086011,0.8029353197138432,0.8893318240006253,0.8890010174096722,3.040850588415935e-07
LONG,Trend_Conflict:==0,Trend_Conflict,False,not-in-book,429,0.7138103161397671,0.8026366502086011,0.8029353197138432,0.8893318240006253,0.8890010174096722,3.040850588415935e-07
LONG,Trend_Conflict:==1,Trend_Conflict,False,not-in-book,172,0.28618968386023297,0.19736334979137993,0.19706468028615678,1.45006499009439,1.4522626959060252,3.040850588415935e-07
LONG,Upper_Wick:hi,Upper_Wick,True,both,339,0.5640599001663894,0.40362585639520804,0.38808171694077737,1.3974820770998706,1.453456515841139,1.6711903901310536e-17
LONG,Upper_Wick:lo,Upper_Wick,False,not-in-book,48,0.07986688851913477,0.11668930772191967,0.12205914890478649,0.684440503404684,0.6543293905927181,0.0013232179710474402
LONG,VAH_Dist_ATR:hi,VAH_Dist_ATR,True,LONG-only,50,0.08319467554076539,0.1924043671301028,0.18268308872335717,0.4323949439490092,0.4554043623969471,2.023091168378111e-11
LONG,VAH_Dist_ATR:lo,VAH_Dist_ATR,False,not-in-book,116,0.1930116472545757,0.08195014315767932,0.0867320598864223,2.355232581878524,2.22537833769115,3.806509586645095e-15
LONG,VAH_Side:==-1,VAH_Side,False,SHORT-only,9,0.014975041597337771,0.004698520804792166,0.006047643631536249,3.187182140827016,2.476177914857352,0.014982472092026442
LONG,VAH_Side:==0,VAH_Side,False,SHORT-only,2,0.0033277870216306157,0.0035155760292606827,0.00368758758020503,0.9465837159921816,0.9024292845257904,1.0
LONG,VAH_Side:==1,VAH_Side,False,not-in-book,590,0.9816971713810316,0.9917859031659745,0.9902647687882588,0.9898277120568687,0.9913481750767414,0.05561395771006878
LONG,VAL_Dist_ATR:hi,VAL_Dist_ATR,False,not-in-book,43,0.07154742096505824,0.17344323666400457,0.16476141308356074,0.4125120260737546,0.4342486485520254,4.397776752212636e-11
LONG,VAL_Dist_ATR:lo,VAL_Dist_ATR,False,not-in-book,142,0.23627287853577372,0.1012614027630781,0.10347370750055314,2.3332965186012955,2.283409807602677,1.1481395263242325e-19
LONG,VAL_Side:==-1,VAL_Side,False,SHORT-only,0,0.0,0.00014236522017671083,0.00014750350320820118,0.0,0.0,1.0
LONG,VAL_Side:==0,VAL_Side,False,SHORT-only,0,0.0,0.0028151650262684177,0.0028763183125599234,0.0,0.0,0.4126798776292485
LONG,VAL_Side:==1,VAL_Side,False,not-in-book,601,1.0,0.9970424697535838,0.9969761781842319,1.0029663031777845,1.0030329930463087,0.4202490041411061
LONG,VA_Position:hi,VA_Position,True,both,165,0.27454242928452577,0.41448329922921695,0.3785677409838484,0.6623727175378874,0.7252134811355708,1.6973169003594116e-07
LONG,VA_Position:lo,VA_Position,False,not-in-book,58,0.09650582362728785,0.08296419642331944,0.08982963345379452,1.1632225440342137,1.074320576816417,0.5604298785725232
LONG,VWAP_Dist_ATR:hi,VWAP_Dist_ATR,False,not-in-book,65,0.10815307820299501,0.14867193606642637,0.13312191164540157,0.7274612886905057,0.8124363364844374,0.08443124287567128
LONG,VWAP_Dist_ATR:lo,VWAP_Dist_ATR,True,both,215,0.3577371048252912,0.23530055369968286,0.2487646581606313,1.520341109277098,1.4380543742443295,7.3968079981456646e-09
LONG,VWAP_Side:==-1,VWAP_Side,True,both,326,0.5424292845257903,0.28287738883002395,0.27774909654104285,1.9175420374504608,1.9529470708670182,2.8290700864537388e-40
LONG,VWAP_Side:==0,VWAP_Side,False,not-in-book,0,0.0,0.001708382642120529,0.0017700420384984144,0.0,0.0,0.6240193381430568
LONG,VWAP_Side:==1,VWAP_Side,True,both,275,0.45757071547420963,0.7154142285278478,0.7204808614204588,0.6395885030352014,0.6350907289502312,1.3431516860328644e-39
LONG,VWAP_Sigma:hi,VWAP_Sigma,True,both,249,0.41430948419301167,0.3485085496107475,0.31853381517811047,1.1888072320055214,1.3006766140710917,1.3895434258495978e-06
LONG,VWAP_Sigma:lo,VWAP_Sigma,True,both,47,0.07820299500831947,0.06667374952183312,0.10148241020724243,1.172920310754549,0.7706064021204968,0.07101179718822513
LONG,VWAP_Sigma_ATR:hi,VWAP_Sigma_ATR,False,not-in-book,49,0.08153078202995008,0.10047975892072439,0.08990338520539863,0.8114149845271375,0.9068711021690673,0.5588768743116741
LONG,VWAP_Sigma_ATR:lo,VWAP_Sigma_ATR,True,both,248,0.41264559068219636,0.32991750900401445,0.3599085478280109,1.2507538382183143,1.1465290090286682,0.009236375047257366
LONG,VWAP_Z:hi,VWAP_Z,False,not-in-book,44,0.07321131447587355,0.23063065313233683,0.23187550704329227,0.3174396528889184,0.3157354366979547,4.59219521736035e-24
LONG,VWAP_Z:lo,VWAP_Z,False,SHORT-only,5,0.008319467554076539,0.002705017741123306,0.0028763183125599234,3.07556857302597,2.8924015529672764,0.037636828579862405
LONG,Volume:hi,Volume,True,both,499,0.8302828618968386,0.6182853317827319,0.5431816505642009,1.3428797663739556,1.5285546944275947,6.145731050570215e-48
LONG,Volume:lo,Volume,False,not-in-book,1,0.0016638935108153079,0.008335762959789703,0.012906556530717605,0.19960902425388607,0.12891846921797004,0.007495345975212279
LONG,Volume_Avg_10:hi,Volume_Avg_10,True,both,440,0.7321131447587355,0.5942133446848217,0.5130909359097279,1.232071193465131,1.4268682089670395,8.67986248596992e-27
LONG,Volume_Avg_10:lo,Volume_Avg_10,False,not-in-book,9,0.014975041597337771,0.023674420960249614,0.03967844236300612,0.6325409868516539,0.3774100167626447,0.0010471544215784182
LONG,Volume_Ratio_10:hi,Volume_Ratio_10,True,both,165,0.27454242928452577,0.18894234371163054,0.22745040194704624,1.4530487125931952,1.2070430605281728,0.008544199909491953
LONG,Volume_Ratio_10:lo,Volume_Ratio_10,False,SHORT-only,31,0.051580698835274545,0.10647914631877135,0.10989010989010989,0.4844206646891694,0.4693843594009984,1.0787084293902932e-06
LONG,WeeklyOpen_Dist_ATR:hi,WeeklyOpen_Dist_ATR,False,SHORT-only,42,0.06988352745424292,0.12204266332833022,0.1230179216756398,0.572615555481905,0.5680759884604795,3.927869075681602e-05
LONG,WeeklyOpen_Dist_ATR:lo,WeeklyOpen_Dist_ATR,True,both,304,0.5058236272878536,0.3562837694668526,0.3663987019691718,1.4197212184118695,1.3805278909814827,1.0061042012191758e-11
LONG,WeeklyOpen_Side:==-1,WeeklyOpen_Side,True,both,209,0.34775374376039936,0.22521979292891767,0.2343093148462276,1.5440638641833537,1.484165253902189,1.076916397758196e-09
LONG,WeeklyOpen_Side:==0,WeeklyOpen_Side,False,not-in-book,0,0.0,0.0,0.0,inf,inf,1.0
LONG,WeeklyOpen_Side:==1,WeeklyOpen_Side,False,not-in-book,392,0.6522462562396006,0.774780207071068,0.7656906851537724,0.8418468235079375,0.8518403957188158,1.076916397758196e-09
SHORT,ADX_Rising:==0,ADX_Rising,False,LONG-only,191,0.5134408602150538,0.4920168831872054,0.4826407956556227,1.0435431745534165,1.063815708984136,0.24861569463656447
SHORT,ADX_Rising:==1,ADX_Rising,False,LONG-only,181,0.48655913978494625,0.5079831168128455,0.5173592043443773,0.9578254152178991,0.9404667698945022,0.24861569463656447
SHORT,ADX_Value:hi,ADX_Value,False,LONG-only,79,0.21236559139784947,0.20547660649817345,0.21172737811947037,1.0335268574709366,1.00301431625918,0.9489265289138966
SHORT,ADX_Value:lo,ADX_Value,True,both,75,0.20161290322580644,0.18204290011724444,0.18060894502410152,1.1075021497457904,1.1162952266782913,0.30694278267406294
SHORT,ATR_1M:hi,ATR_1M,True,SHORT-only,316,0.8494623655913979,0.7021278804562973,0.6377448288486179,1.2098399582699255,1.331978445242769,3.0307826937223976e-19
SHORT,ATR_1M:lo,ATR_1M,False,not-in-book,0,0.0,0.0,0.0,inf,inf,1.0
SHORT,AT_Lookback_LT:hi,AT_Lookback_LT,True,both,95,0.2553763440860215,0.18550078758750985,0.17877844895966807,1.3766860367940374,1.4284515028074425,0.00028473396533662445
SHORT,AT_Lookback_LT:lo,AT_Lookback_LT,False,not-in-book,0,0.0,0.0,0.0,inf,inf,1.0
SHORT,AT_Lookback_ST:hi,AT_Lookback_ST,True,both,105,0.28225806451612906,0.1830924974276101,0.19146988833974007,1.5416145854241043,1.4741642509097639,2.6811668729047497e-05
SHORT,AT_Lookback_ST:lo,AT_Lookback_ST,False,not-in-book,0,0.0,0.0,0.0,inf,inf,1.0
SHORT,AT_Regime_LT:==0,AT_Regime_LT,False,not-in-book,205,0.5510752688172043,0.4147000774231714,0.39483800109829764,1.3288525824287991,1.3956996724841848,2.1091566586168773e-09
SHORT,AT_Regime_LT:==1,AT_Regime_LT,False,LONG-only,167,0.4489247311827957,0.5852999225768755,0.6051619989017024,0.766999471324605,0.7418257127802821,2.1091566586168773e-09
SHORT,AT_Regime_ST:==0,AT_Regime_ST,True,SHORT-only,99,0.2661290322580645,0.15305875361225824,0.15107694185124168,1.7387377459785525,1.761546328625775,1.5251038826953562e-08
SHORT,AT_Regime_ST:==1,AT_Regime_ST,False,LONG-only,273,0.7338709677419355,0.8469412463877454,0.8489230581487583,0.8664957231353871,0.8644728879697103,1.5251038826953562e-08
SHORT,AT_Score_LT:hi,AT_Score_LT,True,both,79,0.21236559139784947,0.04758428582122059,0.044481054365733116,4.462935352139789,4.774293110314615,8.26970481613304e-30
SHORT,AT_Score_LT:lo,AT_Score_LT,True,both,43,0.11559139784946236,0.0947770020326321,0.10647385441454635,1.219614414577745,1.0856317589426008,0.5523931825180349
SHORT,AT_Score_ST:hi,AT_Score_ST,False,not-in-book,17,0.0456989247311828,0.01332745742768911,0.013850753554213191,3.4289304602270767,3.2993818388517835,3.3538310584826164e-05
SHORT,AT_Score_ST:lo,AT_Score_ST,False,not-in-book,80,0.21505376344086022,0.26231277381532553,0.26951003722008665,0.8198371749606949,0.7979434297107217,0.017977838861069795
SHORT,AT_Slope_LT:hi,AT_Slope_LT,True,SHORT-only,121,0.32526881720430106,0.2104805261903822,0.198303740313625,1.5453629990932816,1.6402555831265508,1.32929711778206e-08
SHORT,AT_Slope_LT:lo,AT_Slope_LT,False,LONG-only,116,0.3118279569892473,0.36601429818854686,0.36750259320275797,0.8519556709465316,0.8485054602518303,0.02938895056402708
SHORT,AT_Slope_ST:hi,AT_Slope_ST,True,SHORT-only,55,0.1478494623655914,0.058915390347554004,0.051070840197693576,2.509521900701956,2.894987859868193,4.95470178428504e-12
SHORT,AT_Slope_ST:lo,AT_Slope_ST,True,both,202,0.543010752688172,0.6024055065064646,0.5692232595033254,0.9014040323722452,0.953950394019343,0.3150109717630184
SHORT,Bar_Range:hi,Bar_Range,True,both,292,0.7849462365591398,0.6388280995876601,0.5871621209347733,1.2287284123315703,1.3368475393294963,1.893001266675328e-15
SHORT,Bar_Range:lo,Bar_Range,False,not-in-book,0,0.0,0.0012200295010597953,0.0014643968515467693,0.0,0.0,1.0
SHORT,Bars_Since_Flip:hi,Bars_Since_Flip,True,both,95,0.2553763440860215,0.1938055047520349,0.20562572457135883,1.3176939654668922,1.2419474490284292,0.023230884361301704
SHORT,Bars_Since_Flip:lo,Bars_Since_Flip,False,not-in-book,99,0.2661290322580645,0.19127365292243279,0.1875648300689487,1.3913522756110472,1.4188642516842611,0.00022425512870270518
SHORT,Body_Size:hi,Body_Size,True,both,248,0.6666666666666666,0.4896459579146637,0.4728171334431631,1.3615279691185656,1.4099883855981417,1.0831450291583995e-13
SHORT,Body_Size:lo,Body_Size,True,SHORT-only,19,0.051075268817204304,0.07535477095089775,0.07645371895783758,0.6777974131257818,0.6680547331565533,0.07396609726306846
SHORT,D2D_ATR:hi,D2D_ATR,True,both,305,0.8198924731182796,0.6785570438505764,0.5920434437732626,1.208288205904803,1.3848518748774075,1.2720836796241124e-20
SHORT,D2D_ATR:lo,D2D_ATR,False,not-in-book,0,0.0,0.0008824238142925686,0.0013423637805845385,0.0,0.0,1.0
SHORT,D2D_ATR_MA:hi,D2D_ATR_MA,True,both,276,0.7419354838709677,0.6347159116846692,0.5414607358594179,1.168925294312719,1.370247987960479,4.404759546236645e-15
SHORT,D2D_ATR_MA:lo,D2D_ATR_MA,False,not-in-book,3,0.008064516129032258,0.009441678589462682,0.015620233083165538,0.8541400824671794,0.5162865423387096,0.3888553945737874
SHORT,D2D_DirStep:==-1,D2D_DirStep,False,LONG-only,227,0.6102150537634409,0.7206670944666611,0.722923912380255,0.8467363897265745,0.8440930550412756,3.533353200093013e-06
SHORT,D2D_DirStep:==1,D2D_DirStep,False,LONG-only,145,0.3897849462365591,0.27933290553338297,0.27707608761974495,1.3954136391209238,1.4067794503129196,3.533353200093013e-06
SHORT,D2D_Dn_Count:hi,D2D_Dn_Count,True,SHORT-only,37,0.09946236559139784,0.029470739708602027,0.028616755140643116,3.374953142501761,3.4756688905701902,2.000502235888106e-10
SHORT,D2D_Dn_Count:lo,D2D_Dn_Count,False,not-in-book,0,0.0,0.0,0.0,inf,inf,1.0
SHORT,D2D_Dynamic_Sensitivity:hi,D2D_Dynamic_Sensitivity,False,not-in-book,0,0.0,0.0,0.0,inf,inf,1.0
SHORT,D2D_Dynamic_Sensitivity:lo,D2D_Dynamic_Sensitivity,True,both,104,0.27956989247311825,0.08846077426431467,0.09152480322167307,3.160382607976986,3.0545806451612902,1.3053552943222364e-24
SHORT,D2D_Persist:hi,D2D_Persist,False,LONG-only,13,0.03494623655913978,0.01345037485592714,0.013240588199402038,2.598160789826621,2.6393265943213913,0.0019468855717538463
SHORT,D2D_Persist:lo,D2D_Persist,False,not-in-book,81,0.21774193548387097,0.3671872338899451,0.36701446091890905,0.5929997434200925,0.59327889952538,1.0674021651018448e-09
SHORT,D2D_Signal:==-1,D2D_Signal,True,SHORT-only,36,0.0967741935483871,0.027106365605869213,0.026908292147171883,3.5701648445054928,3.596445029624753,1.490876749763026e-10
SHORT,D2D_Signal:==0,D2D_Signal,False,LONG-only,336,0.9032258064516129,0.9728936343941006,0.9730917078528282,0.9283911154523325,0.9282021408286608,1.490876749763026e-10
SHORT,D2D_Signal:==1,D2D_Signal,False,LONG-only,0,0.0,0.0,0.0,inf,inf,1.0
SHORT,D2D_Up_Count:hi,D2D_Up_Count,False,not-in-book,0,0.0,0.0,0.0,inf,inf,1.0
SHORT,D2D_Up_Count:lo,D2D_Up_Count,False,not-in-book,0,0.0,0.0,0.0,inf,inf,1.0
SHORT,DailyOpen_Dist_ATR:hi,DailyOpen_Dist_ATR,True,SHORT-only,89,0.239247311827957,0.11309315986582856,0.11672463237537373,2.115488789169877,2.0496728664654404,7.530827401256667e-11
SHORT,DailyOpen_Dist_ATR:lo,DailyOpen_Dist_ATR,True,both,121,0.32526881720430106,0.30180354768850387,0.30142168527671,1.0777501447399023,1.0791155152148362,0.3317097490434264
SHORT,DailyOpen_Side:==-1,DailyOpen_Side,True,both,196,0.5268817204301075,0.6101239497463157,0.6284703154554885,0.8635650520671749,0.8383557782649544,9.062391919960509e-05
SHORT,DailyOpen_Side:==0,DailyOpen_Side,False,not-in-book,0,0.0,6.425909266161162e-05,0.00012203307096223076,0.0,0.0,1.0
SHORT,DailyOpen_Side:==1,DailyOpen_Side,False,LONG-only,176,0.4731182795698925,0.3898117911610747,0.3714076514735493,1.213709513918717,1.273851730552155,9.050972143846874e-05
SHORT,Dist_To_PoC_ATR:hi,Dist_To_PoC_ATR,False,not-in-book,56,0.15053763440860216,0.07615105319219126,0.07926047958996889,1.9768293161838857,1.8992773597556432,7.169537398815712e-06
SHORT,Dist_To_PoC_ATR:lo,Dist_To_PoC_ATR,True,both,138,0.3709677419354839,0.4345913554099403,0.42858014521935445,0.8536012907701725,0.8655737930781101,0.026102645752407415
SHORT,EMA_Oscillator:hi,EMA_Oscillator,False,LONG-only,27,0.07258064516129033,0.022273936259516375,0.017938861431447923,3.2585459667139336,4.046000658327848,3.2622370421451413e-09
SHORT,EMA_Oscillator:lo,EMA_Oscillator,True,both,193,0.5188172043010753,0.6284235921886974,0.6015010067728355,0.8255851797258584,0.8625375493295112,0.0015619185077466193
SHORT,Efficiency_Ratio:hi,Efficiency_Ratio,True,both,108,0.2903225806451613,0.20849405739122917,0.20733418756483007,1.3924741274538335,1.4002639123583134,0.00017588286947339685
SHORT,Efficiency_Ratio:lo,Efficiency_Ratio,True,SHORT-only,38,0.10215053763440861,0.19484487127619476,0.19500884739764476,0.5242659812667539,0.5238251443336429,2.0471177517209597e-06
SHORT,Harmonic_D2D_Concordance:==0,Harmonic_D2D_Concordance,False,not-in-book,212,0.5698924731182796,0.4941349272459783,0.4875221184941119,1.153313481187274,1.168957164197182,0.0019358262362843826
SHORT,Harmonic_D2D_Concordance:==1,Harmonic_D2D_Concordance,False,not-in-book,160,0.43010752688172044,0.5058650727540719,0.5124778815058881,0.8502415961238319,0.8392704200576873,0.0019358262362843826
SHORT,Harmonic_LLEMA:hi,Harmonic_LLEMA,False,LONG-only,17,0.0456989247311828,0.01899427054737163,0.018060894502410153,2.405932073948819,2.5302691804707935,0.0006583425503948034
SHORT,Harmonic_LLEMA:lo,Harmonic_LLEMA,False,not-in-book,153,0.4112903225806452,0.4805848278473009,0.4772713405332845,0.8558121246210605,0.861753655941472,0.011752088734091299
SHORT,Harmonic_OBVf_Concordance:==0,Harmonic_OBVf_Concordance,False,LONG-only,227,0.6102150537634409,0.5440745945136304,0.5404844712917201,1.1215650572858231,1.1290149600506922,0.008432561541677923
SHORT,Harmonic_OBVf_Concordance:==1,Harmonic_OBVf_Concordance,False,not-in-book,145,0.3897849462365591,0.4559254054864232,0.45951552870827994,0.8549314022558157,0.8482519564295535,0.008432561541677923
SHORT,KAMA_Dist:hi,KAMA_Dist,True,both,36,0.0967741935483871,0.03644949386420228,0.031484532308255535,2.6550216008192864,3.0737059264816207,7.642316895876713e-09
SHORT,KAMA_Dist:lo,KAMA_Dist,False,LONG-only,199,0.5349462365591398,0.6105748470299979,0.5927756421990359,0.8761353979143814,0.9024430129663141,0.028629114908562632
SHORT,KAMA_Dist_ATR:hi,KAMA_Dist_ATR,False,not-in-book,9,0.024193548387096774,0.007151162486665989,0.006650802367441577,3.3831630077218784,3.6376886652855873,0.00126643307824066
SHORT,KAMA_Dist_ATR:lo,KAMA_Dist_ATR,False,not-in-book,85,0.22849462365591397,0.3489160798865162,0.3452315577521508,0.6548698579046031,0.6618590291793521,1.792926612060981e-06
SHORT,KAMA_Slope:hi,KAMA_Slope,False,not-in-book,25,0.06720430107526881,0.02901150677670622,0.026176093721398497,2.3164705505481766,2.5673922851342206,3.034111404945237e-05
SHORT,KAMA_Slope:lo,KAMA_Slope,False,not-in-book,174,0.46774193548387094,0.5330904108486377,0.5204100311184331,0.8774157740696608,0.8987950030068192,0.046167047621449984
SHORT,Lower_Wick:hi,Lower_Wick,True,both,131,0.3521505376344086,0.416448859351598,0.38940752944047835,0.8456033189350056,0.9043239049342405,0.1468644580272953
SHORT,Lower_Wick:lo,Lower_Wick,True,both,98,0.26344086021505375,0.10813029087548016,0.11507718591738361,2.436328045380225,2.2892535832791707,7.767380148366111e-15
SHORT,Micro_Amihud:hi,Micro_Amihud,False,LONG-only,110,0.2956989247311828,0.20126581362409945,0.21947647812557203,1.4691959822021954,1.3472920982539214,0.0007813420891244686
SHORT,Micro_Amihud:lo,Micro_Amihud,True,both,54,0.14516129032258066,0.17782332038497572,0.16565989383122826,0.8163231347177415,0.8762609160577438,0.3229414824081925
SHORT,Micro_AutoCorr:hi,Micro_AutoCorr,True,both,114,0.3064516129032258,0.19715338567945845,0.2034901458295198,1.5543816904137255,1.5059776563331237,3.620024256719214e-06
SHORT,Micro_AutoCorr:lo,Micro_AutoCorr,True,SHORT-only,49,0.13172043010752688,0.20528187120279723,0.20129355055219963,0.641656417762291,0.6543698481455769,0.0006283002993759862
SHORT,Micro_BarEntropy:hi,Micro_BarEntropy,True,SHORT-only,51,0.13709677419354838,0.19097844302341763,0.18707669778509975,0.717865179038755,0.7328372577488795,0.012658793352697251
SHORT,Micro_BarEntropy:lo,Micro_BarEntropy,True,SHORT-only,120,0.3225806451612903,0.20450649735852205,0.21154432851302704,1.5773613519758811,1.5248843938703163,9.89084195457467e-07
SHORT,Micro_BarOverlap:hi,Micro_BarOverlap,True,SHORT-only,71,0.19086021505376344,0.19012849130812334,0.1860394166819208,1.0038485749326977,1.0259127794411704,0.7879212839247004
SHORT,Micro_BarOverlap:lo,Micro_BarOverlap,True,both,118,0.3172043010752688,0.20606262803106848,0.21642565135151626,1.5393587090786947,1.4656502087179535,8.138690308070792e-06
SHORT,Micro_CSSpread:hi,Micro_CSSpread,True,both,101,0.271505376344086,0.18621601155949544,0.1947647812557203,1.458013057364516,1.3940167960223138,0.00044566804282790016
SHORT,Micro_CSSpread:lo,Micro_CSSpread,True,both,65,0.17473118279569894,0.21845803832856578,0.20940874977118798,0.7998386515441438,0.8344024926686218,0.10693195931319238
SHORT,Micro_Entropy:hi,Micro_Entropy,False,not-in-book,49,0.13172043010752688,0.1464131005165357,0.14418207334187566,0.8996492092772159,0.9135700926924494,0.5501671796926633
SHORT,Micro_Entropy:lo,Micro_Entropy,True,both,104,0.27956989247311825,0.15184420111751318,0.15022271035450607,1.8411627866958011,1.8610361363695918,3.241211241335482e-10
SHORT,Micro_FailedBreak:hi,Micro_FailedBreak,False,LONG-only,75,0.20161290322580644,0.18975623232411482,0.19220208676551345,1.0624836968803202,1.048963133640553,0.6416973038355559
SHORT,Micro_FailedBreak:lo,Micro_FailedBreak,True,SHORT-only,121,0.32526881720430106,0.24096321684730132,0.24882543169198854,1.3498691686641298,1.3072169311332247,0.0010588204689677707
SHORT,Micro_FractalDim:hi,Micro_FractalDim,False,LONG-only,45,0.12096774193548387,0.20185785127278413,0.20056135212642626,0.5992719191883797,0.6031458237239565,7.558975494923328e-05
SHORT,Micro_FractalDim:lo,Micro_FractalDim,True,both,80,0.21505376344086022,0.20008060732912178,0.1955579962169748,1.0748356190618134,1.0996930199788637,0.35509029104567436
SHORT,Micro_GarmanKlass:hi,Micro_GarmanKlass,True,both,279,0.75,0.6510127084531044,0.5947281713344317,1.1520512430273488,1.2610803324099722,5.800027198034112e-10
SHORT,Micro_GarmanKlass:lo,Micro_GarmanKlass,False,not-in-book,3,0.008064516129032258,0.002640902401821931,0.0031728598450179997,3.0536971466528384,2.5417183622828783,0.12279589142590278
SHORT,Micro_HLAsymmetry:hi,Micro_HLAsymmetry,True,both,105,0.28225806451612906,0.2963347213797833,0.28622856794191226,0.9524974434379104,0.9861282070677551,0.9076866241824948
SHORT,Micro_HLAsymmetry:lo,Micro_HLAsymmetry,True,both,202,0.543010752688172,0.3801007613321898,0.37598389163463297,1.4285968562257279,1.4442394069793008,1.262093219373292e-10
SHORT,Micro_Hurst:hi,Micro_Hurst,True,both,159,0.4274193548387097,0.18673415848985483,0.1939105497589847,2.2889189546000024,2.204208875535435,3.8602179452885675e-24
SHORT,Micro_Hurst:lo,Micro_Hurst,True,SHORT-only,39,0.10483870967741936,0.19689150264775349,0.19549697968149368,0.5324694477291885,0.5362676694454512,4.036804403069268e-06
SHORT,Micro_IBSP:hi,Micro_IBSP,True,both,73,0.19623655913978494,0.1945695915900984,0.19531393007505035,1.0085674618323626,1.0047238262236597,0.9473270507909496
SHORT,Micro_IBSP:lo,Micro_IBSP,True,both,133,0.3575268817204301,0.22550108171756975,0.2291781072670694,1.5854774575681057,1.5600394207976915,3.543877868884623e-08
SHORT,Micro_Lambda:hi,Micro_Lambda,True,SHORT-only,123,0.33064516129032256,0.22784640567241404,0.24583562145341387,1.451175673869121,1.3449847476761223,0.0002614147978472598
SHORT,Micro_Lambda:lo,Micro_Lambda,False,LONG-only,52,0.13978494623655913,0.17686446068039938,0.1674293733601806,0.7903506770031979,0.8348890247343177,0.18108333537509602
SHORT,Micro_LogReturn:hi,Micro_LogReturn,True,both,119,0.31989247311827956,0.32274055177171523,0.3171029348953566,0.9911753306555346,1.0087969486117923,0.9103559737214306
SHORT,Micro_LogReturn:lo,Micro_LogReturn,True,both,181,0.48655913978494625,0.37490702149511274,0.37439746171212396,1.2978128226155108,1.299579162636161,1.4060108585516386e-05
SHORT,Micro_MicroGap:hi,Micro_MicroGap,True,both,67,0.18010752688172044,0.13449644430969654,0.13027030325218134,1.3391248207796342,1.3825678023721388,0.006499530281173935
SHORT,Micro_MicroGap:lo,Micro_MicroGap,True,both,66,0.1774193548387097,0.1313772533273366,0.12630422844590883,1.350457178432979,1.4046984572230017,0.005732687551287785
SHORT,Micro_MomoTransfer:hi,Micro_MomoTransfer,True,both,103,0.2768817204301075,0.2051435635939222,0.20916468362926352,1.3496973318558005,1.3237498588474423,0.0020050077061937845
SHORT,Micro_MomoTransfer:lo,Micro_MomoTransfer,False,LONG-only,64,0.17204301075268819,0.22067932229921555,0.2213069741900055,0.7796063942928818,0.777395341391179,0.02269091668488183
SHORT,Micro_OrderFlowDelta:hi,Micro_OrderFlowDelta,True,both,130,0.34946236559139787,0.3359738490263783,0.3247910183659772,1.0401475192313572,1.0759606818856697,0.3142734812245439
SHORT,Micro_OrderFlowDelta:lo,Micro_OrderFlowDelta,True,both,186,0.5,0.386839272937874,0.3773262554152175,1.2925264702384536,1.3251131953428201,2.3416886273909797e-06
SHORT,Micro_PriceAccel:hi,Micro_PriceAccel,True,both,140,0.3763440860215054,0.34989997290132113,0.3423027640490573,1.0755762079685613,1.0994479903398309,0.18493387108344278
SHORT,Micro_PriceAccel:lo,Micro_PriceAccel,True,both,134,0.3602150537634409,0.33881808176349404,0.33247910183659773,1.0631518007792826,1.0834216399576129,0.26615115652811416
SHORT,Micro_RangeAccel:hi,Micro_RangeAccel,False,LONG-only,120,0.3225806451612903,0.3547845501074934,0.34931966562938555,0.9092296861956197,0.9234540076067052,0.29626193672351114
SHORT,Micro_RangeAccel:lo,Micro_RangeAccel,True,both,173,0.4650537634408602,0.30080478226811885,0.29348953566416497,1.546031814834446,1.5845667627925692,7.455698921996149e-12
SHORT,Micro_RangeVelocity:hi,Micro_RangeVelocity,False,LONG-only,130,0.34946236559139787,0.34813465849659514,0.3488315333455366,1.0038137745334992,1.0018084151963302,1.0
SHORT,Micro_RangeVelocity:lo,Micro_RangeVelocity,True,both,173,0.4650537634408602,0.31134631628917825,0.29904204039294646,1.493686416411359,1.555145098761938,3.3131383672100206e-11
SHORT,Micro_Rejection:hi,Micro_Rejection,True,both,58,0.15591397849462366,0.1807979262831699,0.1796936969918848,0.862365966800015,0.8676652609671942,0.2736903826741408
SHORT,Micro_Rejection:lo,Micro_Rejection,False,LONG-only,71,0.19086021505376344,0.19144468179913146,0.18664958203673196,0.9969470724395402,1.0225590273017748,0.8400510415723906
SHORT,Micro_RollProxy:hi,Micro_RollProxy,True,both,195,0.5241935483870968,0.3683434130433588,0.3652449813899567,1.4231109606550567,1.4351834387765,8.408302374682019e-10
SHORT,Micro_RollProxy:lo,Micro_RollProxy,True,both,122,0.3279569892473118,0.37982630632797376,0.3706144365122948,0.8634393768506554,0.8849007403316091,0.0925604864194814
SHORT,Micro_ThrustEff:hi,Micro_ThrustEff,True,SHORT-only,63,0.1693548387096774,0.15151941585360726,0.15003966074806271,1.1177104779317661,1.1287338152146822,0.30450529234579626
SHORT,Micro_ThrustEff:lo,Micro_ThrustEff,True,both,151,0.40591397849462363,0.2595094029671111,0.26792360729757764,1.564159039532248,1.515036254508856,1.1892351637506994e-08
SHORT,Micro_TickIntensity:hi,Micro_TickIntensity,True,both,84,0.22580645161290322,0.16849914985042372,0.15412776862529745,1.340104397045036,1.4650601486476131,0.0003691287391771563
SHORT,Micro_TickIntensity:lo,Micro_TickIntensity,True,both,98,0.26344086021505375,0.21163706662450169,0.2339984135700775,1.2447765621438387,1.125823274593094,0.19375576556926355
SHORT,Micro_VPIN:hi,Micro_VPIN,False,LONG-only,96,0.25806451612903225,0.20179731647773663,0.19970712062969065,1.2788302670888259,1.2922148960704887,0.007187934797487255
SHORT,Micro_VPIN:lo,Micro_VPIN,True,both,76,0.20430107526881722,0.19559629123566946,0.1991579718103606,1.0445038296899993,1.0258242409867173,0.7930750495758037
SHORT,Micro_VolAccel:hi,Micro_VolAccel,True,SHORT-only,100,0.26881720430107525,0.2395339272316279,0.2482152663371774,1.1222510623354436,1.0830002854695975,0.3631927701548461
SHORT,Micro_VolAccel:lo,Micro_VolAccel,True,SHORT-only,130,0.34946236559139787,0.2503709689693329,0.25419488681432667,1.3957783006152056,1.3747812553234326,5.4257347128755556e-05
SHORT,Micro_VolOfVol:hi,Micro_VolOfVol,False,LONG-only,134,0.3602150537634409,0.22358842756435554,0.2380865214473122,1.6110630486891369,1.5129586151022636,2.1076820169715614e-07
SHORT,Micro_VolOfVol:lo,Micro_VolOfVol,True,both,62,0.16666666666666666,0.22449178460004163,0.21435108914515832,0.7424176655889784,0.7775405636208369,0.02511440055335601
SHORT,Micro_WickImbalance:hi,Micro_WickImbalance,True,both,119,0.31989247311827956,0.29706991619583045,0.2920251388126182,1.0768255406495093,1.0954278608306485,0.2492119148575233
SHORT,Micro_WickImbalance:lo,Micro_WickImbalance,True,both,131,0.3521505376344086,0.3306132655663354,0.31002501677954725,1.0651433995885804,1.1358778117083888,0.08916187576073784
SHORT,Momentum_Value:hi,Momentum_Value,True,both,79,0.21236559139784947,0.0825060963446976,0.07370797486118738,2.573938179193682,2.881175229651784,4.9139717125356025e-17
SHORT,Momentum_Value:lo,Momentum_Value,False,LONG-only,196,0.5268817204301075,0.5709354331756514,0.5508572823235097,0.9228394137310609,0.9564759100718909,0.3704769999216448
SHORT,MultiDay_Position:hi,MultiDay_Position,True,both,135,0.3629032258064516,0.20847872276878154,0.21075111355177253,1.7407206883598303,1.721951640921232,3.9237814505196064e-11
SHORT,MultiDay_Position:lo,MultiDay_Position,False,LONG-only,125,0.33602150537634407,0.4003431368197458,0.41302092867167,0.8393337476586679,0.8135701656984641,0.0028167743706420815
SHORT,MultiDay_Slope:hi,MultiDay_Slope,True,SHORT-only,102,0.27419354838709675,0.1911660544551204,0.19647324424919152,1.4343213242990718,1.3955770386696054,0.0003634155365130747
SHORT,MultiDay_Slope:lo,MultiDay_Slope,True,both,68,0.1827956989247312,0.21829769680497527,0.2323509671120874,0.8373688847850687,0.7867223502304147,0.02507469265359767
SHORT,OBV_Macd:hi,OBV_Macd,False,not-in-book,56,0.15053763440860216,0.10916749851257558,0.10769418512416865,1.3789601892477268,1.3978250936671845,0.011293702255579623
SHORT,OBV_Macd:lo,OBV_Macd,True,both,158,0.42473118279569894,0.4953759461102727,0.47782048935261456,0.857391615662243,0.88889277931793,0.04598420114804817
SHORT,OBV_Velocity:hi,OBV_Velocity,True,both,56,0.15053763440860216,0.047699150951631096,0.045091219720544265,3.1559814253560514,3.338513248068445,1.2662646547267636e-14
SHORT,OBV_Velocity:lo,OBV_Velocity,True,SHORT-only,98,0.26344086021505375,0.27128239104831087,0.2692659710781622,0.9710945822802753,0.9783667024845946,0.8592547834595936
SHORT,OBVf_DirStepCount:hi,OBVf_DirStepCount,True,SHORT-only,39,0.10483870967741936,0.17953281345985833,0.17993776313380927,0.5839529145509671,0.5826387293669806,8.867803769544313e-05
SHORT,OBVf_DirStepCount:lo,OBVf_DirStepCount,False,not-in-book,56,0.15053763440860216,0.1771090151353763,0.18030386234669596,0.8499716081281133,0.8349107581463894,0.15139629550863723
SHORT,OBVf_Signal:==-1,OBVf_Signal,False,LONG-only,227,0.6102150537634409,0.7943642012930201,0.7957776557447068,0.7681804552246541,0.7668160187186805,8.995234140594163e-16
SHORT,OBVf_Signal:==1,OBVf_Signal,True,both,145,0.3897849462365591,0.20563579870699383,0.20422234425529318,1.8955111351596692,1.908630261090818,8.995234140594163e-16
SHORT,OBVf_Trend_Dir:==-1,OBVf_Trend_Dir,False,not-in-book,227,0.6102150537634409,0.7943642012930201,0.7957776557447068,0.7681804552246541,0.7668160187186805,8.995234140594163e-16
SHORT,OBVf_Trend_Dir:==1,OBVf_Trend_Dir,False,not-in-book,145,0.3897849462365591,0.20563579870699383,0.20422234425529318,1.8955111351596692,1.908630261090818,8.995234140594163e-16
SHORT,OR_High_Dist_ATR:hi,OR_High_Dist_ATR,True,SHORT-only,87,0.23387096774193547,0.2539681596544395,0.2368051742022088,0.9208672774577367,0.9876091961666015,0.9508305250028211
SHORT,OR_High_Dist_ATR:lo,OR_High_Dist_ATR,False,not-in-book,0,0.0,0.0,0.0,inf,inf,1.0
SHORT,OR_High_Side:==-1,OR_High_Side,True,both,224,0.6021505376344086,0.6491999052575852,0.5656843004454207,0.9275271495849824,1.0644639371470523,0.1690570413025423
SHORT,OR_High_Side:==0,OR_High_Side,False,LONG-only,68,0.1827956989247312,0.1699081897321793,0.26951003722008665,1.07584984109869,0.6782519152541135,0.00014230756856698024
SHORT,OR_High_Side:==1,OR_High_Side,True,both,80,0.21505376344086022,0.1808919050102993,0.16480566233449265,1.188852333821217,1.3048930503636647,0.013406101072838395
SHORT,OR_Low_Dist_ATR:hi,OR_Low_Dist_ATR,False,not-in-book,81,0.21774193548387097,0.1920912545949947,0.17902251510159253,1.1335338297568942,1.2162824064911932,0.05613815768103738
SHORT,OR_Low_Dist_ATR:lo,OR_Low_Dist_ATR,False,not-in-book,0,0.0,0.0,0.0,inf,inf,1.0
SHORT,OR_Low_Side:==-1,OR_Low_Side,True,both,147,0.3951612903225806,0.45851138726536866,0.38586857038257366,0.8618352810807652,1.0240826039052457,0.7466596993918444
SHORT,OR_Low_Side:==0,OR_Low_Side,False,not-in-book,68,0.1827956989247312,0.17014721592185628,0.26981511989749224,1.074338465865254,0.6774850089727317,0.00011477035705174165
SHORT,OR_Low_Side:==1,OR_Low_Side,False,LONG-only,157,0.4220430107526882,0.3713413968128193,0.3443163097199341,1.1365363904348802,1.225742141276946,0.0023882506543512552
SHORT,OR_Position:hi,OR_Position,False,LONG-only,84,0.22580645161290322,0.20640586366506358,0.1875648300689487,1.093992426394054,1.2038848196108882,0.06993128949659663
SHORT,OR_Position:lo,OR_Position,False,LONG-only,162,0.43548387096774194,0.5033308804446561,0.4315699554579291,0.8652039600332563,1.0090690175725043,0.915710865502048
SHORT,PoC_Side:==-1,PoC_Side,False,not-in-book,21,0.056451612903225805,0.14029183808770132,0.14863628043199706,0.4023870074888885,0.37979699666295885,4.5285760781821153e-08
SHORT,PoC_Side:==0,PoC_Side,True,SHORT-only,51,0.13709677419354838,0.05049066118663844,0.04887424492037342,2.715289738171004,2.805092424791591,9.477434869019021e-11
SHORT,PoC_Side:==1,PoC_Side,False,LONG-only,300,0.8064516129032258,0.8092175007256756,0.8024894746476295,0.996582021743265,1.0049373086884859,0.8952850551213501
SHORT,PrevDay_Close_Dist_ATR:hi,PrevDay_Close_Dist_ATR,True,both,75,0.20161290322580644,0.10731525415325922,0.1197754591494295,1.8786975329516409,1.68325719356482,8.577166449505774e-06
SHORT,PrevDay_Close_Dist_ATR:lo,PrevDay_Close_Dist_ATR,True,SHORT-only,130,0.34946236559139787,0.29744197406498984,0.29501494905119285,1.1748925708617095,1.1845581612569638,0.025067024352087817
SHORT,PrevDay_Close_Side:==-1,PrevDay_Close_Side,True,both,202,0.543010752688172,0.649494356710343,0.66794801391177,0.8360515331318579,0.8129536152193707,8.876093872356635e-07
SHORT,PrevDay_Close_Side:==0,PrevDay_Close_Side,False,not-in-book,0,0.0,0.00016064773165402907,0.0003050826774055769,0.0,0.0,1.0
SHORT,PrevDay_Close_Side:==1,PrevDay_Close_Side,False,not-in-book,170,0.45698924731182794,0.3503449955580564,0.33174690341082436,1.3043978167403258,1.3775237767506985,8.788133575327855e-07
SHORT,PrevDay_High_Dist_ATR:hi,PrevDay_High_Dist_ATR,False,LONG-only,53,0.1424731182795699,0.10047598652646351,0.11489413631094027,1.4179817805724666,1.240038202593665,0.10103052121061828
SHORT,PrevDay_High_Dist_ATR:lo,PrevDay_High_Dist_ATR,True,both,170,0.45698924731182794,0.33437202702765817,0.30398437976691683,1.36670896598066,1.5033313476903951,9.015588425093834e-10
SHORT,PrevDay_High_Side:==-1,PrevDay_High_Side,False,LONG-only,240,0.6451612903225806,0.8472956541939969,0.8612483983159436,0.7614358543315087,0.7491001336944225,6.352645863733984e-25
SHORT,PrevDay_High_Side:==0,PrevDay_High_Side,False,not-in-book,0,0.0,0.0,0.0,inf,inf,1.0
SHORT,PrevDay_High_Side:==1,PrevDay_High_Side,True,both,132,0.3548387096774194,0.1527043458060092,0.13875160168405637,2.323697520227717,2.557366584390161,6.352645863733984e-25
SHORT,PrevDay_Low_Dist_ATR:hi,PrevDay_Low_Dist_ATR,True,SHORT-only,59,0.1586021505376344,0.07893947616667775,0.08713161266703276,2.0091614264420996,1.8202595554350773,1.1493980624034684e-05
SHORT,PrevDay_Low_Dist_ATR:lo,PrevDay_Low_Dist_ATR,False,LONG-only,144,0.3870967741935484,0.4480972918478337,0.43419366648361707,0.8638676939940086,0.8915302181363216,0.07210818729042265
SHORT,PrevDay_Low_Side:==-1,PrevDay_Low_Side,True,both,103,0.2768817204301075,0.32466166743223823,0.32784184514003295,0.8528315726952794,0.8445588155832927,0.038632987915035964
SHORT,PrevDay_Low_Side:==0,PrevDay_Low_Side,False,not-in-book,0,0.0,0.0,0.0,inf,inf,1.0
SHORT,PrevDay_Low_Side:==1,PrevDay_Low_Side,True,both,269,0.7231182795698925,0.6753383325678151,0.6721581548599671,1.0707496445824503,1.0758156757326587,0.038632987915035964
SHORT,RangeOsc_State:==-1,RangeOsc_State,True,both,237,0.6370967741935484,0.6751947537639881,0.6720361217890048,0.9435748288059763,0.9480097178371222,0.16294573343997298
SHORT,RangeOsc_State:==-2,RangeOsc_State,True,both,31,0.08333333333333333,0.1352807450742882,0.1448532552321679,0.6160029151788866,0.5752948609941028,0.0005446064914540626
SHORT,RangeOsc_State:==1,RangeOsc_State,False,not-in-book,33,0.08870967741935484,0.09656844070214383,0.09195191897004087,0.9186197558369137,0.9647398163409466,0.9276349285192913
SHORT,RangeOsc_State:==2,RangeOsc_State,True,both,71,0.19086021505376344,0.09295606045962634,0.09115870400878638,2.0532304629740614,2.093713563933152,4.349210206713457e-09
SHORT,RangeOsc_Val:hi,RangeOsc_Val,False,LONG-only,21,0.056451612903225805,0.043383966191469406,0.040881078772347305,1.3012091299832769,1.3808738565238325,0.14489059272088908
SHORT,RangeOsc_Val:lo,RangeOsc_Val,True,both,176,0.4731182795698925,0.474564486760291,0.4596375617792422,0.9969525591763696,1.0293290168420242,0.6359775368647467
SHORT,Round_1000_Dist_ATR:hi,Round_1000_Dist_ATR,False,not-in-book,3,0.008064516129032258,0.015900776103929735,0.021904936237720423,0.5071775161364095,0.3681597627819211,0.07031603076957665
SHORT,Round_1000_Dist_ATR:lo,Round_1000_Dist_ATR,False,LONG-only,179,0.48118279569892475,0.4374668101796034,0.4118005979620477,1.099929833537254,1.1684849368365207,0.007734870822176946
SHORT,Round_100_Dist_ATR:hi,Round_100_Dist_ATR,False,not-in-book,1,0.002688172043010753,0.0024520224559265594,0.003844041735310269,1.096308084990583,0.6993087557603687,1.0
SHORT,Round_100_Dist_ATR:lo,Round_100_Dist_ATR,True,both,170,0.45698924731182794,0.37308214406884005,0.3490755994874611,1.224902490180569,1.3091411945802391,2.2373447253656295e-05
SHORT,Round_500_Dist_ATR:hi,Round_500_Dist_ATR,False,not-in-book,0,0.0,0.013585636215118426,0.016962596863750075,0.0,0.0,0.0032857560747494886
SHORT,Round_500_Dist_ATR:lo,Round_500_Dist_ATR,True,both,199,0.5349462365591398,0.4011527652536924,0.37055341997681374,1.3335224954035534,1.4436413421649499,2.300524354280844e-10
SHORT,ST_Flip_Event:==-1,ST_Flip_Event,False,LONG-only,20,0.053763440860215055,0.02004770586163301,0.020379522850692538,2.6817752231244922,2.6381108750241453,0.00013400162124785637
SHORT,ST_Flip_Event:==0,ST_Flip_Event,False,not-in-book,346,0.9301075268817204,0.9577918355337198,0.9581426566599548,0.9710956936309938,0.9707401297882262,0.012764670098965616
SHORT,ST_Flip_Event:==1,ST_Flip_Event,False,LONG-only,6,0.016129032258064516,0.022160458604617867,0.021477820489352616,0.7278293534369138,0.7509622434017594,0.5884851065540728
SHORT,Session_High_Dist_ATR:hi,Session_High_Dist_ATR,True,SHORT-only,81,0.21774193548387097,0.16558153667648043,0.16993105131490635,1.315013375611458,1.281354607053918,0.017810469889725518
SHORT,Session_High_Dist_ATR:lo,Session_High_Dist_ATR,True,both,105,0.28225806451612906,0.12532617311854602,0.12862285679419122,2.252187691466021,2.1944627226540985,1.1211997579625673e-14
SHORT,Session_High_Side:==-1,Session_High_Side,False,not-in-book,372,1.0,0.9990534157471849,0.9993288181097078,1.0009474811235266,1.0006716326779825,1.0
SHORT,Session_High_Side:==0,Session_High_Side,False,not-in-book,0,0.0,0.0009465842527761885,0.0006711818902922692,0.0,0.0,1.0
SHORT,Session_Low_Dist_ATR:hi,Session_Low_Dist_ATR,False,not-in-book,47,0.12634408602150538,0.061613211362958754,0.06406736225517115,2.050600564824027,1.9720506912442397,1.618782413502666e-05
SHORT,Session_Low_Dist_ATR:lo,Session_Low_Dist_ATR,False,LONG-only,147,0.3951612903225806,0.453208213177371,0.4552443712246019,0.8719199670989355,0.86802015642632,0.023443743504274934
SHORT,Session_Low_Side:==0,Session_Low_Side,False,not-in-book,16,0.043010752688172046,0.004478795880927337,0.005308438586857038,9.603195553369726,8.10233592880979,9.75402828033022e-10
SHORT,Session_Low_Side:==1,Session_Low_Side,False,not-in-book,356,0.956989247311828,0.9955212041190367,0.994691561413143,0.961294690009836,0.9620964773766132,9.75402828033022e-10
SHORT,Slope_Accel_LT:hi,Slope_Accel_LT,True,both,17,0.0456989247311828,0.02856962709107754,0.029287937030935383,1.599563220951345,1.5603326612903226,0.08572413946419932
SHORT,Slope_Accel_LT:lo,Slope_Accel_LT,True,both,104,0.27956989247311825,0.31477207133489177,0.29532003172859844,0.8881661301382698,0.9466675553185816,0.5276549159998641
SHORT,Slope_Accel_ST:hi,Slope_Accel_ST,True,SHORT-only,92,0.24731182795698925,0.26290841480476385,0.24376105924705596,0.940676730110154,1.0145665953409504,0.8548914019129761
SHORT,Slope_Accel_ST:lo,Slope_Accel_ST,True,both,145,0.3897849462365591,0.3050281069865991,0.2920251388126182,1.2778656697813218,1.334765040507933,6.803769371729814e-05
SHORT,Slope_EMA_LT:hi,Slope_EMA_LT,True,SHORT-only,126,0.3387096774193548,0.21779214913891495,0.2050765757520288,1.5551969102582972,1.6516253803111591,2.979447825015804e-09
SHORT,Slope_EMA_LT:lo,Slope_EMA_LT,False,not-in-book,116,0.3118279569892473,0.36010319041368094,0.36158398926108976,0.8659405561806442,0.8623942603943258,0.049350325364008636
SHORT,Slope_EMA_ST:hi,Slope_EMA_ST,True,both,46,0.12365591397849462,0.04567490452997353,0.03935566538531942,2.7073053627807173,3.1420105026256566,2.626369009869577e-11
SHORT,Slope_EMA_ST:lo,Slope_EMA_ST,True,both,181,0.48655913978494625,0.6102099854323073,0.5733723839160413,0.7973634509442519,0.8485918635666152,0.0009966293288491091
SHORT,Sqz_State:==-1,Sqz_State,True,both,243,0.6532258064516129,0.5563241010185243,0.5579962169748002,1.174182109413703,1.1706635037654984,0.0002585732142277226
SHORT,Sqz_State:==1,Sqz_State,False,LONG-only,129,0.3467741935483871,0.44367589898152376,0.4420037830251998,0.7815934882747102,0.7845502841060901,0.0002585732142277226
SHORT,Sqz_Val:hi,Sqz_Val,True,both,118,0.3172043010752688,0.11218933275148459,0.10153151504057599,2.8274016191710643,3.1241954869727047,3.8280638094458787e-29
SHORT,Sqz_Val:lo,Sqz_Val,False,not-in-book,176,0.4731182795698925,0.5266912083362763,0.5035694673256452,0.8982839889513039,0.9395293207162206,0.24911934177150502
SHORT,TChan_A15:hi,TChan_A15,True,both,183,0.49193548387096775,0.46066303325456875,0.41509549087802794,1.0678857393775667,1.185114015164088,0.003401969624882991
SHORT,TChan_A15:lo,TChan_A15,False,not-in-book,23,0.06182795698924731,0.044948930530226854,0.06254194886814327,1.3755156409710305,0.9885837922895359,1.0
SHORT,Trend_Concordance:==0,Trend_Concordance,False,not-in-book,145,0.3897849462365591,0.20563579870699383,0.20422234425529318,1.8955111351596692,1.908630261090818,8.995234140594163e-16
SHORT,Trend_Concordance:==1,Trend_Concordance,False,not-in-book,227,0.6102150537634409,0.7943642012930201,0.7957776557447068,0.7681804552246541,0.7668160187186805,8.995234140594163e-16
SHORT,Trend_Conflict:==0,Trend_Conflict,False,not-in-book,227,0.6102150537634409,0.7943642012930201,0.7957776557447068,0.7681804552246541,0.7668160187186805,8.995234140594163e-16
SHORT,Trend_Conflict:==1,Trend_Conflict,False,not-in-book,145,0.3897849462365591,0.20563579870699383,0.20422234425529318,1.8955111351596692,1.908630261090818,8.995234140594163e-16
SHORT,Upper_Wick:hi,Upper_Wick,True,both,159,0.4274193548387097,0.4212467531416973,0.3894685459759595,1.0146531733502433,1.097442551535581,0.14671525011329944
SHORT,Upper_Wick:lo,Upper_Wick,False,not-in-book,37,0.09946236559139784,0.10988905376628816,0.11763988040759046,0.9051162257064678,0.8454816958907776,0.32758023068896247
SHORT,VAH_Dist_ATR:hi,VAH_Dist_ATR,False,LONG-only,56,0.15053763440860216,0.07817788097391945,0.08157910793825127,1.925578341766801,1.84529640263469,1.4854156461982487e-05
SHORT,VAH_Dist_ATR:lo,VAH_Dist_ATR,False,not-in-book,130,0.34946236559139787,0.44513888318377504,0.43663432790286166,0.7850636706726938,0.8003547665843236,0.0008409408856914871
SHORT,VAH_Side:==-1,VAH_Side,True,SHORT-only,41,0.11021505376344086,0.20093424557538614,0.2118494111904326,0.5485130394166214,0.5202518767652743,4.266273977877302e-07
SHORT,VAH_Side:==0,VAH_Side,True,SHORT-only,38,0.10215053763440861,0.03464860458136433,0.03105741655988773,2.9481861930263715,3.2890867608847203,4.867653969859323e-10
SHORT,VAH_Side:==1,VAH_Side,False,not-in-book,293,0.7876344086021505,0.7644171498432687,0.7570931722496796,1.03037249852864,1.0403401291570475,0.17876274935797906
SHORT,VAL_Dist_ATR:hi,VAL_Dist_ATR,False,not-in-book,53,0.1424731182795699,0.0700318216450915,0.07267069375800841,2.03440543074258,1.9605305923458198,4.767078968878186e-06
SHORT,VAL_Dist_ATR:lo,VAL_Dist_ATR,False,not-in-book,146,0.3924731182795699,0.46281904261210804,0.4509121972054427,0.8480055532384487,0.8703980968178445,0.026775519842562198
SHORT,VAL_Side:==-1,VAL_Side,True,SHORT-only,4,0.010752688172043012,0.02530151668492135,0.026664226005247423,0.4249819608028149,0.4032627149922492,0.0684307739577778
SHORT,VAL_Side:==0,VAL_Side,True,SHORT-only,42,0.11290322580645161,0.03163287520082207,0.030142168527670998,3.5691736868584583,3.745690218101084,1.137231673751161e-12
SHORT,VAL_Side:==1,VAL_Side,False,not-in-book,326,0.8763440860215054,0.9430656081142301,0.9431936054670815,0.9292503919996168,0.9291242868292439,1.5090026232295419e-06
SHORT,VA_Position:hi,VA_Position,True,both,90,0.24193548387096775,0.15718667569367106,0.15736164500579658,1.5391602551761898,1.5374488736569563,2.9217501624399152e-05
SHORT,VA_Position:lo,VA_Position,False,not-in-book,104,0.27956989247311825,0.30347288419287555,0.3141741411922631,0.9212351647715402,0.889856470720904,0.1581169276717886
SHORT,VWAP_Dist_ATR:hi,VWAP_Dist_ATR,False,not-in-book,58,0.15591397849462366,0.11677475696345507,0.11989749222039173,1.3351685120048444,1.3003939916276779,0.04367335890574657
SHORT,VWAP_Dist_ATR:lo,VWAP_Dist_ATR,True,both,116,0.3118279569892473,0.2749687150297491,0.2672524254072854,1.1340488569963691,1.1667918692001766,0.05824133741401313
SHORT,VWAP_Side:==-1,VWAP_Side,True,both,193,0.5188172043010753,0.6525154750426214,0.6669717493440722,0.7951032950861232,0.777869834533924,6.068638295188087e-09
SHORT,VWAP_Side:==0,VWAP_Side,False,not-in-book,2,0.005376344086021506,0.0023779983457402802,0.0014033803160656538,2.2608695652173925,3.830995792426368,0.10553804279548486
SHORT,VWAP_Side:==1,VWAP_Side,True,both,177,0.47580645161290325,0.34510652661168506,0.3316248703398621,1.3787234228354137,1.4347731252040241,1.580925625248768e-08
SHORT,VWAP_Sigma:hi,VWAP_Sigma,True,both,167,0.4489247311827957,0.302010691662859,0.29690646165110746,1.4864531077063325,1.5120072789467403,9.852332201447686e-10
SHORT,VWAP_Sigma:lo,VWAP_Sigma,True,both,47,0.12634408602150538,0.07622259516449761,0.09195191897004087,1.657567362392208,1.374023374788621,0.029531263495246724
SHORT,VWAP_Sigma_ATR:hi,VWAP_Sigma_ATR,False,not-in-book,41,0.11021505376344086,0.08159471254951448,0.08462993471230704,1.350762204065105,1.3023176035537363,0.09009608964600888
SHORT,VWAP_Sigma_ATR:lo,VWAP_Sigma_ATR,True,both,158,0.42473118279569894,0.35642782665003403,0.33498077979132346,1.1916330629615233,1.2679270227392914,0.00037511115684903844
SHORT,VWAP_Z:hi,VWAP_Z,False,not-in-book,6,0.016129032258064516,0.009431840338831371,0.009030447251205076,1.71006205349559,1.786072362685266,0.15955445126775306
SHORT,VWAP_Z:lo,VWAP_Z,True,SHORT-only,65,0.17473118279569894,0.1814580650171146,0.18170724266276161,0.9629287228386283,0.9616082454125956,0.7856441384466281
SHORT,Volume:hi,Volume,True,both,304,0.8172043010752689,0.6381534342691383,0.5531759106717921,1.2805765152877273,1.4772955316923209,2.704288154504618e-26
SHORT,Volume:lo,Volume,False,not-in-book,1,0.002688172043010753,0.012420800217171166,0.011410092134968576,0.2164250286623629,0.2355959979299638,0.13521122056766346
SHORT,Volume_Avg_10:hi,Volume_Avg_10,True,both,258,0.6935483870967742,0.6186852444443062,0.5274269326987614,1.1210036013057156,1.3149658163036826,1.4424573070391506e-10
SHORT,Volume_Avg_10:lo,Volume_Avg_10,False,not-in-book,11,0.02956989247311828,0.02996779857234898,0.033254011837207886,0.9867222112338327,0.889212784847588,0.8830525598863339
SHORT,Volume_Ratio_10:hi,Volume_Ratio_10,True,both,131,0.3521505376344086,0.1929990419248141,0.21959851119653426,1.824623242283216,1.603610770016761,1.014546430229801e-08
SHORT,Volume_Ratio_10:lo,Volume_Ratio_10,True,SHORT-only,29,0.07795698924731183,0.09004115692269568,0.09085362133138081,0.8657928430910917,0.8580504343681622,0.46426376497620436
SHORT,WeeklyOpen_Dist_ATR:hi,WeeklyOpen_Dist_ATR,True,SHORT-only,59,0.1586021505376344,0.09167685183062159,0.10031118433095369,1.730013055320238,1.5811013656698845,0.0004929001835335161
SHORT,WeeklyOpen_Dist_ATR:lo,WeeklyOpen_Dist_ATR,True,both,138,0.3709677419354839,0.42021161830630793,0.4097260357556898,0.8828117209864285,0.9054043667283165,0.13568590888014015
SHORT,WeeklyOpen_Side:==-1,WeeklyOpen_Side,True,both,128,0.34408602150537637,0.3821342935205172,0.3906888766855818,0.9004321971090041,0.880716196540936,0.0759080850698757
SHORT,WeeklyOpen_Side:==0,WeeklyOpen_Side,False,not-in-book,0,0.0,0.00010339123242349049,6.101653548111538e-05,0.0,0.0,1.0
SHORT,WeeklyOpen_Side:==1,WeeklyOpen_Side,False,not-in-book,244,0.6559139784946236,0.617762315247109,0.6092501067789371,1.0617578351833483,1.0765923078165636,0.07591379763783586
