signal_idx,signal_name,direction,entry_bar,exit_bar,entry_time,exit_time,entry_price,exit_price,pnl,pnl_per_lot,lots,exit_type,tiers,be_nudged,initial_risk,tid,plan_depth,exec_depth
1,S_2___FLAT_S+__FLAT_S+__FLAT_S,SHORT,8036,8060,2026.01.27 17:05,2026.01.27 17:29,48921.45,48894.670243199995,23.8,23.8,1.0,BE,1,True,150.0,1,1,1
0,L_1___FLAT_L+__FLAT_L+__FLAT_L,LONG,9366,9404,2026.01.28 16:30,2026.01.28 17:08,49105.3,48955.3,-153.0,-153.0,1.0,SL,0,False,150.0,2,1,1
1,S_2___FLAT_S+__FLAT_S+__FLAT_S,SHORT,9408,9411,2026.01.28 17:12,2026.01.28 17:15,48926.8,48913.545952,10.3,10.3,1.0,BE,1,True,44.18016,3,1,1
1,S_2___FLAT_S+__FLAT_S+__FLAT_S,SHORT,10790,10792,2026.01.29 17:29,2026.01.29 17:31,48813.7,48789.227280399995,21.5,21.5,1.0,BE,1,True,150.0,9,1,1
1,S_2___FLAT_S+__FLAT_S+__FLAT_S,SHORT,10792,10795,2026.01.29 17:31,2026.01.29 17:34,48779.7,48749.832051,26.9,26.9,1.0,BE,1,True,150.0,10,1,1
1,S_2___FLAT_S+__FLAT_S+__FLAT_S,SHORT,12207,12252,2026.01.30 18:21,2026.01.30 19:06,48588.35,48564.7362698,20.6,20.6,1.0,BE,1,True,150.0,18,1,1
1,S_2___FLAT_S+__FLAT_S+__FLAT_S,SHORT,12252,12254,2026.01.30 19:06,2026.01.30 19:08,48543.4,48521.300743,19.1,19.1,1.0,BE,1,True,147.32838,19,1,1
1,S_2___FLAT_S+__FLAT_S+__FLAT_S,SHORT,12326,12328,2026.01.30 20:20,2026.01.30 20:22,48479.9,48460.921764800005,16.0,16.0,1.0,BE,1,True,126.521568,24,1,1
0,L_1___FLAT_L+__FLAT_L+__FLAT_L,LONG,13474,13478,2026.02.02 16:43,2026.02.02 16:47,49090.3,49113.124443400004,19.8,19.8,1.0,LF,3,True,150.0,29,1,1
0,L_1___FLAT_L+__FLAT_L+__FLAT_L,LONG,13478,13480,2026.02.02 16:47,2026.02.02 16:49,49116.3,49133.4716424,14.2,14.2,1.0,BE,2,True,57.238808,30,1,1
0,L_1___FLAT_L+__FLAT_L+__FLAT_L,LONG,13480,13483,2026.02.02 16:49,2026.02.02 16:52,49154.8,49178.103076,20.3,20.3,1.0,BE,1,True,150.0,31,1,1
0,L_1___FLAT_L+__FLAT_L+__FLAT_L,LONG,13483,13487,2026.02.02 16:52,2026.02.02 16:56,49177.3,49120.612758,-59.7,-59.7,1.0,SL,0,False,56.687242,32,1,1
0,L_1___FLAT_L+__FLAT_L+__FLAT_L,LONG,13499,13503,2026.02.02 17:08,2026.02.02 17:12,49156.3,49169.643374800005,10.3,10.3,1.0,BE,1,True,88.955832,34,1,1
0,L_1___FLAT_L+__FLAT_L+__FLAT_L,LONG,13503,13505,2026.02.02 17:12,2026.02.02 17:14,49173.3,49187.7314772,11.4,11.4,1.0,BE,1,True,96.209848,35,1,1
0,L_1___FLAT_L+__FLAT_L+__FLAT_L,LONG,13505,13511,2026.02.02 17:14,2026.02.02 17:20,49189.3,49204.4192998,12.1,12.1,1.0,BE,2,True,100.795332,36,1,1
0,L_1___FLAT_L+__FLAT_L+__FLAT_L,LONG,13512,13516,2026.02.02 17:21,2026.02.02 17:25,49226.35,49245.0306574,15.7,15.7,1.0,BE,1,True,124.537716,37,1,1
0,L_1___FLAT_L+__FLAT_L+__FLAT_L,LONG,13545,13561,2026.02.02 17:54,2026.02.02 18:10,49327.35,49339.993088999996,19.3,9.6,2.0,BE,1,True,84.28726,38,1,1
0,L_1___FLAT_L+__FLAT_L+__FLAT_L,LONG,14836,14853,2026.02.03 16:40,2026.02.03 16:57,49615.0,49465.0,-153.0,-153.0,1.0,SL,0,False,150.0,40,1,1
1,S_2___FLAT_S+__FLAT_S+__FLAT_S,SHORT,14957,14968,2026.02.03 18:41,2026.02.03 18:52,49284.25,49261.8041212,19.4,19.4,1.0,BE,1,True,149.639192,44,1,1
1,S_2___FLAT_S+__FLAT_S+__FLAT_S,SHORT,14988,15013,2026.02.03 19:12,2026.02.03 19:37,49161.8,49116.8,42.0,42.0,1.0,BE,1,True,150.0,45,1,1
1,S_2___FLAT_S+__FLAT_S+__FLAT_S,SHORT,15016,15018,2026.02.03 19:40,2026.02.03 19:42,49106.75,49094.5728596,9.2,9.2,1.0,BE,1,True,81.180936,46,1,1
1,S_2___FLAT_S+__FLAT_S+__FLAT_S,SHORT,15028,15036,2026.02.03 19:52,2026.02.03 20:00,49042.25,49012.4189636,26.8,26.8,1.0,BE,1,True,150.0,47,1,1
1,S_2___FLAT_S+__FLAT_S+__FLAT_S,SHORT,15097,15105,2026.02.03 21:01,2026.02.03 21:09,48863.5,48832.5550906,27.9,27.9,1.0,BE,1,True,150.0,49,1,1
0,L_1___FLAT_L+__FLAT_L+__FLAT_L,LONG,16507,16510,2026.02.04 21:46,2026.02.04 21:49,49498.55,49530.6636338,29.1,29.1,1.0,BE,1,True,150.0,61,1,1
0,L_1___FLAT_L+__FLAT_L+__FLAT_L,LONG,16512,16515,2026.02.04 21:51,2026.02.04 21:54,49530.1,49558.4640862,25.4,25.4,1.0,BE,1,True,150.0,62,1,1
1,S_2___FLAT_S+__FLAT_S+__FLAT_S,SHORT,17560,17571,2026.02.05 16:34,2026.02.05 16:45,49178.5,49328.5,-153.0,-153.0,1.0,SL,0,False,150.0,64,1,1
1,S_2___FLAT_S+__FLAT_S+__FLAT_S,SHORT,17586,17592,2026.02.05 17:00,2026.02.05 17:06,49137.0,49092.0,42.0,42.0,1.0,BE,1,True,150.0,65,1,1
1,S_2___FLAT_S+__FLAT_S+__FLAT_S,SHORT,17592,17597,2026.02.05 17:06,2026.02.05 17:11,49073.5,49047.9452068,22.6,22.6,1.0,BE,1,True,150.0,66,1,1
1,S_2___FLAT_S+__FLAT_S+__FLAT_S,SHORT,17597,17600,2026.02.05 17:11,2026.02.05 17:14,49011.5,48982.0667756,26.4,26.4,1.0,BE,1,True,150.0,67,1,1
1,S_2___FLAT_S+__FLAT_S+__FLAT_S,SHORT,17600,17607,2026.02.05 17:14,2026.02.05 17:21,48982.5,48963.6778536,15.8,15.8,1.0,BE,1,True,125.480976,68,1,1
1,S_2___FLAT_S+__FLAT_S+__FLAT_S,SHORT,17608,17616,2026.02.05 17:22,2026.02.05 17:30,48945.0,48909.56427,32.4,32.4,1.0,BE,2,True,150.0,69,1,1
1,S_2___FLAT_S+__FLAT_S+__FLAT_S,SHORT,17617,17621,2026.02.05 17:31,2026.02.05 17:35,48854.5,48828.1616464,23.3,23.3,1.0,BE,1,True,150.0,70,1,1
1,S_2___FLAT_S+__FLAT_S+__FLAT_S,SHORT,17631,17668,2026.02.05 17:45,2026.02.05 18:22,48849.0,48999.0,-153.0,-153.0,1.0,SL,0,False,150.0,71,1,1
0,L_1___FLAT_L+__FLAT_L+__FLAT_L,LONG,18921,18923,2026.02.06 16:30,2026.02.06 16:32,49300.6,49345.6,84.0,42.0,2.0,BE,1,True,150.0,75,1,1
0,L_1___FLAT_L+__FLAT_L+__FLAT_L,LONG,18923,18926,2026.02.06 16:32,2026.02.06 16:35,49428.1,49473.1,84.0,42.0,2.0,BE,1,True,150.0,76,1,1
0,L_1___FLAT_L+__FLAT_L+__FLAT_L,LONG,18926,18929,2026.02.06 16:35,2026.02.06 16:38,49511.6,49555.6232198,41.0,41.0,1.0,BE,1,True,150.0,77,1,1
0,L_1___FLAT_L+__FLAT_L+__FLAT_L,LONG,18929,18934,2026.02.06 16:38,2026.02.06 16:43,49558.6,49583.067052599996,21.5,21.5,1.0,BE,1,True,81.556842,78,1,1
0,L_1___FLAT_L+__FLAT_L+__FLAT_L,LONG,18934,18937,2026.02.06 16:43,2026.02.06 16:46,49592.1,49615.280978999996,20.2,20.2,1.0,BE,1,True,77.26993,79,1,1
0,L_1___FLAT_L+__FLAT_L+__FLAT_L,LONG,18937,18945,2026.02.06 16:46,2026.02.06 16:54,49580.6,49604.3463626,20.7,20.7,1.0,LF,3,True,79.154542,80,1,1
0,L_1___FLAT_L+__FLAT_L+__FLAT_L,LONG,18945,18949,2026.02.06 16:54,2026.02.06 16:58,49599.6,49620.1828476,35.2,17.6,2.0,BE,1,True,68.609492,81,1,1
0,L_1___FLAT_L+__FLAT_L+__FLAT_L,LONG,18949,18952,2026.02.06 16:58,2026.02.06 17:01,49652.6,49677.153308,21.6,21.6,1.0,BE,1,True,150.0,82,1,1
0,L_1___FLAT_L+__FLAT_L+__FLAT_L,LONG,18953,18957,2026.02.06 17:02,2026.02.06 17:06,49669.1,49695.0914654,23.0,23.0,1.0,BE,1,True,150.0,83,1,1
0,L_1___FLAT_L+__FLAT_L+__FLAT_L,LONG,18958,18964,2026.02.06 17:07,2026.02.06 17:13,49685.6,49711.025052799996,22.4,22.4,1.0,LF,3,True,150.0,84,1,1
0,L_1___FLAT_L+__FLAT_L+__FLAT_L,LONG,18967,18969,2026.02.06 17:16,2026.02.06 17:18,49703.1,49731.234548399996,25.1,25.1,1.0,BE,1,True,150.0,85,1,1
0,L_1___FLAT_L+__FLAT_L+__FLAT_L,LONG,18984,18993,2026.02.06 17:33,2026.02.06 17:42,49764.6,49784.5104642,16.9,16.9,1.0,BE,1,True,132.736428,86,1,1
0,L_1___FLAT_L+__FLAT_L+__FLAT_L,LONG,18993,19003,2026.02.06 17:42,2026.02.06 17:52,49804.6,49659.922891999995,-147.7,-147.7,1.0,SL,0,False,144.677108,87,1,1
0,L_1___FLAT_L+__FLAT_L+__FLAT_L,LONG,19014,19047,2026.02.06 18:03,2026.02.06 18:36,49815.6,49835.8451718,34.5,17.2,2.0,BE,1,True,134.967812,90,1,1
0,L_1___FLAT_L+__FLAT_L+__FLAT_L,LONG,19122,19170,2026.02.06 19:51,2026.02.06 20:39,49974.15,49989.6413634,12.5,12.5,1.0,BE,1,True,103.275756,91,1,1
0,L_1___FLAT_L+__FLAT_L+__FLAT_L,LONG,19241,19274,2026.02.06 21:50,2026.02.06 22:23,50028.6,50040.9410916,9.3,9.3,1.0,BE,1,True,82.273944,92,1,1
0,L_1___FLAT_L+__FLAT_L+__FLAT_L,LONG,19293,19298,2026.02.06 22:42,2026.02.06 22:47,50090.6,50102.625383,9.0,9.0,1.0,BE,1,True,80.16922,93,1,1
0,L_1___FLAT_L+__FLAT_L+__FLAT_L,LONG,19301,19303,2026.02.06 22:50,2026.02.06 22:52,50144.15,50162.2211288,15.1,15.1,1.0,BE,1,True,120.474192,94,1,1
0,L_1___FLAT_L+__FLAT_L+__FLAT_L,LONG,19306,19311,2026.02.06 22:55,2026.02.06 23:00,50150.65,50088.837528000004,-64.8,-64.8,1.0,SL,0,False,61.812472,95,1,1
0,L_1___FLAT_L+__FLAT_L+__FLAT_L,LONG,21650,21652,2026.02.10 16:30,2026.02.10 16:32,50274.5,50319.5,42.0,42.0,1.0,BE,2,True,150.0,97,1,1
0,L_1___FLAT_L+__FLAT_L+__FLAT_L,LONG,21668,21670,2026.02.10 16:48,2026.02.10 16:53,50430.5,50462.9166542,29.4,29.4,1.0,BE,1,True,150.0,99,1,1
0,L_1___FLAT_L+__FLAT_L+__FLAT_L,LONG,21672,21676,2026.02.10 16:55,2026.02.10 16:59,50475.5,50493.379514,14.9,14.9,1.0,BE,2,True,119.19676,100,1,1
0,L_1___FLAT_L+__FLAT_L+__FLAT_L,LONG,21676,21683,2026.02.10 16:59,2026.02.10 17:06,50503.45,50456.607749999996,-49.8,-49.8,1.0,SL,0,False,46.84225,101,1,1
1,S_2___FLAT_S+__FLAT_S+__FLAT_S,SHORT,23051,23053,2026.02.11 17:09,2026.02.11 17:11,50170.9,50151.991258,15.9,15.9,1.0,BE,2,True,126.05828,103,1,1
1,S_2___FLAT_S+__FLAT_S+__FLAT_S,SHORT,23053,23055,2026.02.11 17:11,2026.02.11 17:13,50125.9,50105.2187956,17.7,17.7,1.0,BE,2,True,137.874696,104,1,1
1,S_2___FLAT_S+__FLAT_S+__FLAT_S,SHORT,23057,23061,2026.02.11 17:15,2026.02.11 17:19,50088.4,50055.4016734,30.0,30.0,1.0,BE,2,True,150.0,106,1,1
1,S_2___FLAT_S+__FLAT_S+__FLAT_S,SHORT,23061,23063,2026.02.11 17:19,2026.02.11 17:21,50035.4,50010.672641000005,21.7,21.7,1.0,BE,1,True,150.0,107,1,1
1,S_2___FLAT_S+__FLAT_S+__FLAT_S,SHORT,23064,23067,2026.02.11 17:22,2026.02.11 17:25,50013.9,49990.2351966,20.7,20.7,1.0,BE,2,True,150.0,108,1,1
1,S_2___FLAT_S+__FLAT_S+__FLAT_S,SHORT,23068,23080,2026.02.11 17:26,2026.02.11 17:38,49984.4,49955.720658800004,25.7,25.7,1.0,BE,1,True,95.597804,109,1,1
1,S_2___FLAT_S+__FLAT_S+__FLAT_S,SHORT,24465,24468,2026.02.12 17:58,2026.02.12 18:01,50099.2,50077.5100138,18.7,18.7,1.0,BE,1,True,144.599908,114,1,1
1,S_2___FLAT_S+__FLAT_S+__FLAT_S,SHORT,24468,24490,2026.02.12 18:01,2026.02.12 18:23,50044.2,49748.4395868,292.8,292.8,1.0,LF,17,True,140.838292,115,1,1
1,S_2___FLAT_S+__FLAT_S+__FLAT_S,SHORT,24491,24494,2026.02.12 18:24,2026.02.12 18:27,49705.7,49668.405728599995,34.3,34.3,1.0,BE,1,True,150.0,116,1,1
1,S_2___FLAT_S+__FLAT_S+__FLAT_S,SHORT,24496,24512,2026.02.12 18:29,2026.02.12 18:45,49610.7,49583.052216,24.6,24.6,1.0,BE,1,True,150.0,118,1,1
1,S_2___FLAT_S+__FLAT_S+__FLAT_S,SHORT,24580,24585,2026.02.12 19:53,2026.02.12 19:58,49495.7,49473.032032999996,19.7,19.7,1.0,BE,1,True,150.0,122,1,1
1,S_2___FLAT_S+__FLAT_S+__FLAT_S,SHORT,24757,24759,2026.02.12 22:50,2026.02.12 22:52,49462.5,49438.5448344,21.0,21.0,1.0,BE,1,True,150.0,124,1,1
1,S_2___FLAT_S+__FLAT_S+__FLAT_S,SHORT,24845,24916,2026.02.13 01:33,2026.02.13 02:44,49421.88,49402.2747864,16.6,16.6,1.0,BE,1,True,130.701424,125,1,1
1,S_2___FLAT_S+__FLAT_S+__FLAT_S,SHORT,25744,25748,2026.02.13 16:32,2026.02.13 16:36,49332.5,49287.5,42.0,42.0,1.0,BE,1,True,150.0,127,1,1
1,S_2___FLAT_S+__FLAT_S+__FLAT_S,SHORT,25749,25752,2026.02.13 16:37,2026.02.13 16:40,49257.5,49219.0794314,35.4,35.4,1.0,BE,1,True,150.0,128,1,1
1,S_2___FLAT_S+__FLAT_S+__FLAT_S,SHORT,25752,25755,2026.02.13 16:40,2026.02.13 16:43,49173.5,49133.6747732,36.8,36.8,1.0,BE,2,True,150.0,129,1,1
1,S_2___FLAT_S+__FLAT_S+__FLAT_S,SHORT,28283,28291,2026.02.17 17:11,2026.02.17 17:19,49246.5,49396.5,-153.0,-153.0,1.0,SL,0,False,150.0,138,1,1
1,S_2___FLAT_S+__FLAT_S+__FLAT_S,SHORT,28304,28306,2026.02.17 17:32,2026.02.17 17:34,49223.5,49200.4164442,20.1,20.1,1.0,BE,1,True,150.0,140,1,1
0,L_1___FLAT_L+__FLAT_L+__FLAT_L,LONG,28345,28352,2026.02.17 18:13,2026.02.17 18:20,49577.0,49606.1775038,26.2,26.2,1.0,BE,1,True,150.0,141,1,1
1,S_2___FLAT_S+__FLAT_S+__FLAT_S,SHORT,29606,29607,2026.02.18 16:30,2026.02.18 16:31,49445.7,49595.7,-153.0,-153.0,1.0,SL,0,False,150.0,150,1,1
1,S_2___FLAT_S+__FLAT_S+__FLAT_S,SHORT,31185,31203,2026.02.19 20:04,2026.02.19 20:22,49240.3,49227.6166276,9.7,9.7,1.0,LF,3,True,84.555816,158,1,1
0,L_1___FLAT_L+__FLAT_L+__FLAT_L,LONG,32367,32369,2026.02.20 17:01,2026.02.20 17:03,49664.3,49709.3,42.0,42.0,1.0,BE,1,True,150.0,160,1,1
1,S_2___FLAT_S+__FLAT_S+__FLAT_S,SHORT,33723,33727,2026.02.23 16:53,2026.02.23 16:57,49289.4,49253.1241254,33.3,33.3,1.0,BE,1,True,150.0,166,1,1
1,S_2___FLAT_S+__FLAT_S+__FLAT_S,SHORT,33732,33734,2026.02.23 17:02,2026.02.23 17:04,49208.9,49189.9065782,16.0,16.0,1.0,BE,1,True,126.622812,167,1,1
0,L_1___FLAT_L+__FLAT_L+__FLAT_L,LONG,35079,35084,2026.02.24 16:44,2026.02.24 16:49,49190.8,49211.9386834,18.1,18.1,1.0,LF,3,True,140.924556,175,1,1
0,L_1___FLAT_L+__FLAT_L+__FLAT_L,LONG,35121,35125,2026.02.24 17:26,2026.02.24 17:30,49215.8,49233.667374200006,14.9,14.9,1.0,BE,1,True,119.115828,178,1,1
0,L_1___FLAT_L+__FLAT_L+__FLAT_L,LONG,37794,37798,2026.02.26 16:29,2026.02.26 16:33,49709.61,49729.8455046,17.2,17.2,1.0,BE,2,True,134.903364,180,1,1
0,L_1___FLAT_L+__FLAT_L+__FLAT_L,LONG,37799,37803,2026.02.26 16:34,2026.02.26 16:38,49751.8,49793.729920000005,38.9,38.9,1.0,BE,1,True,150.0,181,1,1
1,S_2___FLAT_S+__FLAT_S+__FLAT_S,SHORT,37846,37850,2026.02.26 17:21,2026.02.26 17:25,49302.8,49267.8575666,31.9,31.9,1.0,BE,1,True,150.0,183,1,1
1,S_2___FLAT_S+__FLAT_S+__FLAT_S,SHORT,37852,37863,2026.02.26 17:27,2026.02.26 17:38,49245.8,49395.8,-153.0,-153.0,1.0,SL,0,False,150.0,184,1,1
1,S_2___FLAT_S+__FLAT_S+__FLAT_S,SHORT,39100,39103,2026.02.27 15:30,2026.02.27 15:33,48961.21,48925.683659199996,32.5,32.5,1.0,BE,1,True,150.0,186,1,1
1,S_2___FLAT_S+__FLAT_S+__FLAT_S,SHORT,39103,39107,2026.02.27 15:33,2026.02.27 15:37,48919.21,48895.6742464,20.5,20.5,1.0,BE,1,True,150.0,187,1,1
1,S_2___FLAT_S+__FLAT_S+__FLAT_S,SHORT,39170,39173,2026.02.27 16:40,2026.02.27 16:43,48820.4,48776.9864576,40.4,40.4,1.0,BE,1,True,150.0,188,1,1
1,S_2___FLAT_S+__FLAT_S+__FLAT_S,SHORT,39177,39191,2026.02.27 16:47,2026.02.27 17:01,48713.9,48673.038027200004,37.9,37.9,1.0,BE,1,True,150.0,189,1,1
1,S_2___FLAT_S+__FLAT_S+__FLAT_S,SHORT,39655,39713,2026.03.02 02:00,2026.03.02 02:58,48343.21,48446.806804,-106.6,-106.6,1.0,SL,0,False,103.596804,193,1,1
1,S_2___FLAT_S+__FLAT_S+__FLAT_S,SHORT,40064,40067,2026.03.02 08:49,2026.03.02 08:52,48320.21,48306.5827418,10.6,10.6,1.0,BE,2,True,90.848388,194,1,1
1,S_2___FLAT_S+__FLAT_S+__FLAT_S,SHORT,40113,40127,2026.03.02 09:38,2026.03.02 09:52,48227.31,48213.727392,10.6,10.6,1.0,BE,1,True,90.55072,195,1,1
1,S_2___FLAT_S+__FLAT_S+__FLAT_S,SHORT,40132,40138,2026.03.02 09:57,2026.03.02 10:03,48193.81,48175.040222799995,15.8,15.8,1.0,BE,1,True,125.131848,196,1,1
0,L_1___FLAT_L+__FLAT_L+__FLAT_L,LONG,40560,40563,2026.03.02 17:05,2026.03.02 17:08,48834.5,48857.156708,19.7,19.7,1.0,BE,1,True,150.0,197,1,1
0,L_1___FLAT_L+__FLAT_L+__FLAT_L,LONG,40566,40569,2026.03.02 17:11,2026.03.02 17:14,48859.5,48884.8044972,22.3,22.3,1.0,BE,1,True,150.0,198,1,1
0,L_1___FLAT_L+__FLAT_L+__FLAT_L,LONG,40569,40572,2026.03.02 17:14,2026.03.02 17:17,48873.0,48890.111613,14.1,14.1,1.0,BE,2,True,114.07742,199,1,1
0,L_1___FLAT_L+__FLAT_L+__FLAT_L,LONG,40624,40641,2026.03.02 18:09,2026.03.02 18:26,48896.05,48777.56028400001,-243.0,-121.5,2.0,SL,0,False,118.489716,202,1,1
0,L_1___FLAT_L+__FLAT_L+__FLAT_L,LONG,40658,40660,2026.03.02 18:43,2026.03.02 18:45,48901.5,48918.8488488,14.3,14.3,1.0,BE,1,True,115.658992,203,1,1
0,L_1___FLAT_L+__FLAT_L+__FLAT_L,LONG,40660,40663,2026.03.02 18:45,2026.03.02 18:48,48928.5,48943.776135,24.6,12.3,2.0,BE,2,True,101.8409,204,1,1
0,L_1___FLAT_L+__FLAT_L+__FLAT_L,LONG,40690,40695,2026.03.02 19:15,2026.03.02 19:20,48962.55,48984.2611542,18.7,18.7,1.0,BE,1,True,144.741028,205,1,1
0,L_1___FLAT_L+__FLAT_L+__FLAT_L,LONG,40825,40861,2026.03.02 21:30,2026.03.02 22:06,49055.0,48953.457884,-104.5,-104.5,1.0,SL,0,False,101.542116,206,1,1
0,L_1___FLAT_L+__FLAT_L+__FLAT_L,LONG,42122,42124,2026.03.03 20:22,2026.03.03 20:24,48431.9,48450.4481288,15.5,15.5,1.0,BE,1,True,123.654192,222,1,1
0,L_1___FLAT_L+__FLAT_L+__FLAT_L,LONG,42126,42133,2026.03.03 20:26,2026.03.03 20:33,48471.45,48489.056928,14.6,14.6,1.0,BE,1,True,117.37952,223,1,1
0,L_1___FLAT_L+__FLAT_L+__FLAT_L,LONG,42133,42144,2026.03.03 20:33,2026.03.03 20:44,48507.4,48527.694697,17.3,17.3,1.0,LF,3,True,135.29798,224,1,1
0,L_1___FLAT_L+__FLAT_L+__FLAT_L,LONG,42148,42154,2026.03.03 20:48,2026.03.03 20:54,48537.9,48553.7289198,12.8,12.8,1.0,LF,3,True,105.526132,225,1,1
0,L_1___FLAT_L+__FLAT_L+__FLAT_L,LONG,42180,42194,2026.03.03 21:20,2026.03.03 21:34,48582.4,48459.964296,-125.4,-125.4,1.0,SL,0,False,122.435704,228,1,1
0,L_1___FLAT_L+__FLAT_L+__FLAT_L,LONG,43309,43313,2026.03.04 17:24,2026.03.04 17:28,48809.8,48829.5635332,16.8,16.8,1.0,BE,1,True,131.756888,231,1,1
0,L_1___FLAT_L+__FLAT_L+__FLAT_L,LONG,43345,43348,2026.03.04 18:00,2026.03.04 18:03,48827.75,48843.6980324,12.9,12.9,1.0,BE,1,True,106.320216,233,1,1
1,S_2___FLAT_S+__FLAT_S+__FLAT_S,SHORT,44658,44671,2026.03.05 17:08,2026.03.05 17:21,48218.6,48186.258194,29.3,29.3,1.0,BE,1,True,150.0,242,1,1
1,S_2___FLAT_S+__FLAT_S+__FLAT_S,SHORT,44674,44678,2026.03.05 17:24,2026.03.05 17:28,48122.6,48099.1429988,20.5,20.5,1.0,BE,1,True,150.0,243,1,1
1,S_2___FLAT_S+__FLAT_S+__FLAT_S,SHORT,44678,44681,2026.03.05 17:28,2026.03.05 17:31,48077.6,48057.400685,17.2,17.2,1.0,BE,1,True,134.6621,244,1,1
1,S_2___FLAT_S+__FLAT_S+__FLAT_S,SHORT,44720,44722,2026.03.05 18:10,2026.03.05 18:12,47948.6,47935.7328434,9.9,9.9,1.0,BE,1,True,85.781044,247,1,1
1,S_2___FLAT_S+__FLAT_S+__FLAT_S,SHORT,44730,44748,2026.03.05 18:20,2026.03.05 18:38,47896.6,47970.558558,-77.0,-77.0,1.0,SL,0,False,73.958558,249,1,1
1,S_2___FLAT_S+__FLAT_S+__FLAT_S,SHORT,44791,44797,2026.03.05 19:21,2026.03.05 19:27,47840.5,47827.4990728,10.0,10.0,1.0,LF,3,True,86.672848,250,1,1
1,S_2___FLAT_S+__FLAT_S+__FLAT_S,SHORT,45936,45954,2026.03.06 15:41,2026.03.06 15:59,47491.51,47330.5862368,157.9,157.9,1.0,LF,11,True,134.103136,256,1,1
1,S_2___FLAT_S+__FLAT_S+__FLAT_S,SHORT,45961,45966,2026.03.06 16:06,2026.03.06 16:11,47290.01,47273.414471000004,13.6,13.6,1.0,BE,2,True,110.63686,258,1,1
1,S_2___FLAT_S+__FLAT_S+__FLAT_S,SHORT,45994,45997,2026.03.06 16:39,2026.03.06 16:42,47059.2,47032.1623578,24.0,24.0,1.0,BE,1,True,150.0,260,1,1
1,S_2___FLAT_S+__FLAT_S+__FLAT_S,SHORT,45997,46002,2026.03.06 16:42,2026.03.06 16:47,47057.2,47021.8100668,32.4,32.4,1.0,BE,1,True,150.0,261,1,1
1,S_2___FLAT_S+__FLAT_S+__FLAT_S,SHORT,46013,46015,2026.03.06 16:58,2026.03.06 17:00,47012.2,47162.2,-153.0,-153.0,1.0,SL,0,False,150.0,264,1,1
1,S_2___FLAT_S+__FLAT_S+__FLAT_S,SHORT,46425,46427,2026.03.09 01:05,2026.03.09 01:07,46665.18,46620.18,42.0,42.0,1.0,BE,2,True,150.0,268,1,1
1,S_2___FLAT_S+__FLAT_S+__FLAT_S,SHORT,46428,46430,2026.03.09 01:08,2026.03.09 01:10,46547.18,46502.18,42.0,42.0,1.0,LF,3,True,150.0,269,1,1
0,L_1___FLAT_L+__FLAT_L+__FLAT_L,LONG,47434,47443,2026.03.09 17:54,2026.03.09 18:03,47029.6,47052.001730799995,38.8,19.4,2.0,BE,1,True,149.344872,273,1,1
0,L_1___FLAT_L+__FLAT_L+__FLAT_L,LONG,47706,47709,2026.03.09 22:26,2026.03.09 22:29,47611.5,47649.5085456,70.0,35.0,2.0,BE,1,True,150.0,278,1,1
0,L_1___FLAT_L+__FLAT_L+__FLAT_L,LONG,47709,47714,2026.03.09 22:29,2026.03.09 22:34,47695.5,47735.0971776,36.6,36.6,1.0,BE,1,True,150.0,279,1,1
0,L_1___FLAT_L+__FLAT_L+__FLAT_L,LONG,47716,47720,2026.03.09 22:36,2026.03.09 22:40,47758.0,47798.6150044,37.6,37.6,1.0,BE,2,True,150.0,280,1,1
0,L_1___FLAT_L+__FLAT_L+__FLAT_L,LONG,48779,48811,2026.03.10 17:34,2026.03.10 18:06,47794.9,47934.068933200004,136.2,136.2,1.0,LF,9,True,150.0,285,1,1
0,L_1___FLAT_L+__FLAT_L+__FLAT_L,LONG,48952,48954,2026.03.10 20:27,2026.03.10 20:29,48203.85,48218.6015376,11.8,11.8,1.0,BE,1,True,98.343584,287,1,1
1,S_2___FLAT_S+__FLAT_S+__FLAT_S,SHORT,50522,50625,2026.03.12 01:07,2026.03.12 02:50,47241.18,46982.876544,255.3,255.3,1.0,LF,15,True,143.50192,312,1,1
1,S_2___FLAT_S+__FLAT_S+__FLAT_S,SHORT,51435,51446,2026.03.12 16:20,2026.03.12 16:31,46910.41,46881.82088860001,25.6,25.6,1.0,BE,2,True,150.0,313,1,1
1,S_2___FLAT_S+__FLAT_S+__FLAT_S,SHORT,51446,51478,2026.03.12 16:31,2026.03.12 17:03,46807.6,46957.6,-153.0,-153.0,1.0,SL,0,False,150.0,314,1,1
1,S_2___FLAT_S+__FLAT_S+__FLAT_S,SHORT,51505,51511,2026.03.12 17:30,2026.03.12 17:36,46728.6,46801.724594,-76.1,-76.1,1.0,SL,0,False,73.124594,317,1,1
1,S_2___FLAT_S+__FLAT_S+__FLAT_S,SHORT,51548,51562,2026.03.12 18:13,2026.03.12 18:27,46712.1,46830.349804,-121.2,-121.2,1.0,SL,0,False,118.249804,319,1,1
0,L_1___FLAT_L+__FLAT_L+__FLAT_L,LONG,52817,52825,2026.03.13 16:37,2026.03.13 16:45,47078.7,47113.0398342,31.3,31.3,1.0,BE,1,True,150.0,327,1,1
0,L_1___FLAT_L+__FLAT_L+__FLAT_L,LONG,54097,54099,2026.03.16 15:12,2026.03.16 15:14,46900.81,46913.7772708,10.0,10.0,1.0,BE,1,True,86.448472,335,1,1
0,L_1___FLAT_L+__FLAT_L+__FLAT_L,LONG,54189,54191,2026.03.16 16:44,2026.03.16 16:46,47034.5,47053.3672322,15.9,15.9,1.0,BE,1,True,125.781548,337,1,1
0,L_1___FLAT_L+__FLAT_L+__FLAT_L,LONG,54191,54205,2026.03.16 16:46,2026.03.16 17:00,47091.0,47113.7777166,19.8,19.8,1.0,BE,2,True,150.0,338,1,1
0,L_1___FLAT_L+__FLAT_L+__FLAT_L,LONG,54207,54238,2026.03.16 17:02,2026.03.16 17:33,47159.5,47009.5,-306.0,-153.0,2.0,SL,0,False,150.0,339,1,1
0,L_1___FLAT_L+__FLAT_L+__FLAT_L,LONG,54296,54318,2026.03.16 18:31,2026.03.16 18:53,47082.05,46982.943764,-102.1,-102.1,1.0,SL,0,False,99.106236,341,1,1
0,L_1___FLAT_L+__FLAT_L+__FLAT_L,LONG,55540,55544,2026.03.17 16:30,2026.03.17 16:34,47344.0,47389.0,42.0,42.0,1.0,BE,1,True,150.0,343,1,1
0,L_1___FLAT_L+__FLAT_L+__FLAT_L,LONG,55544,55550,2026.03.17 16:34,2026.03.17 16:40,47383.5,47411.0036934,24.5,24.5,1.0,BE,1,True,91.678978,344,1,1
0,L_1___FLAT_L+__FLAT_L+__FLAT_L,LONG,55551,55571,2026.03.17 16:41,2026.03.17 17:01,47419.0,47287.287772,-134.7,-134.7,1.0,SL,0,False,131.712228,345,1,1
1,S_2___FLAT_S+__FLAT_S+__FLAT_S,SHORT,56857,56860,2026.03.18 15:42,2026.03.18 15:45,46853.51,46813.8505022,36.7,36.7,1.0,BE,1,True,150.0,351,1,1
1,S_2___FLAT_S+__FLAT_S+__FLAT_S,SHORT,56949,56968,2026.03.18 17:14,2026.03.18 17:33,46602.2,46580.5008662,18.7,18.7,1.0,LF,3,True,144.660892,353,1,1
1,S_2___FLAT_S+__FLAT_S+__FLAT_S,SHORT,56974,56977,2026.03.18 17:39,2026.03.18 17:42,46556.7,46534.8954252,18.8,18.8,1.0,BE,1,True,145.363832,355,1,1
1,S_2___FLAT_S+__FLAT_S+__FLAT_S,SHORT,56983,57003,2026.03.18 17:48,2026.03.18 18:08,46528.2,46678.2,-153.0,-153.0,1.0,SL,0,False,150.0,356,1,1
1,S_2___FLAT_S+__FLAT_S+__FLAT_S,SHORT,57215,57227,2026.03.18 21:40,2026.03.18 21:52,46389.7,46364.0630884,22.6,22.6,1.0,BE,1,True,150.0,357,1,1
1,S_2___FLAT_S+__FLAT_S+__FLAT_S,SHORT,58199,58204,2026.03.19 15:19,2026.03.19 15:24,46009.71,45990.182356799996,16.5,16.5,1.0,BE,1,True,130.184288,361,1,1
1,S_2___FLAT_S+__FLAT_S+__FLAT_S,SHORT,58204,58210,2026.03.19 15:24,2026.03.19 15:30,45985.71,45949.5091434,33.2,33.2,1.0,LF,5,True,40.223174,362,1,1
1,S_2___FLAT_S+__FLAT_S+__FLAT_S,SHORT,58211,58232,2026.03.19 15:31,2026.03.19 15:52,45913.21,45889.2034048,21.0,21.0,1.0,BE,1,True,150.0,363,1,1
1,S_2___FLAT_S+__FLAT_S+__FLAT_S,SHORT,58232,58244,2026.03.19 15:52,2026.03.19 16:04,45876.21,45863.1568434,10.1,10.1,1.0,BE,1,True,87.021044,364,1,1
0,L_1___FLAT_L+__FLAT_L+__FLAT_L,LONG,58606,58625,2026.03.19 22:06,2026.03.19 22:25,46229.4,46079.4,-153.0,-153.0,1.0,SL,0,False,150.0,373,1,1
1,S_2___FLAT_S+__FLAT_S+__FLAT_S,SHORT,59426,59430,2026.03.20 13:01,2026.03.20 13:05,45810.71,45787.684367,20.0,20.0,1.0,BE,1,True,150.0,375,1,1
1,S_2___FLAT_S+__FLAT_S+__FLAT_S,SHORT,59692,59720,2026.03.20 17:27,2026.03.20 17:55,45710.9,45683.5901774,24.3,24.3,1.0,BE,1,True,150.0,377,1,1
1,S_2___FLAT_S+__FLAT_S+__FLAT_S,SHORT,59953,59991,2026.03.20 21:48,2026.03.20 22:26,45509.05,45493.181422600006,12.9,12.9,1.0,BE,2,True,105.790516,379,1,1
0,L_1___FLAT_L+__FLAT_L+__FLAT_L,LONG,60855,60858,2026.03.23 14:05,2026.03.23 14:08,46148.81,46463.81,312.0,312.0,1.0,LF,10,True,150.0,382,1,1
0,L_1___FLAT_L+__FLAT_L+__FLAT_L,LONG,60859,60861,2026.03.23 14:09,2026.03.23 14:12,46665.81,46710.81,42.0,42.0,1.0,LF,4,True,150.0,383,1,1
0,L_1___FLAT_L+__FLAT_L+__FLAT_L,LONG,60863,60865,2026.03.23 14:14,2026.03.23 14:16,46838.81,46883.81,42.0,42.0,1.0,BE,1,True,150.0,384,1,1
0,L_1___FLAT_L+__FLAT_L+__FLAT_L,LONG,60866,60869,2026.03.23 14:17,2026.03.23 14:20,46741.81,46591.81,-153.0,-153.0,1.0,SL,0,False,150.0,385,1,1
0,L_1___FLAT_L+__FLAT_L+__FLAT_L,LONG,60882,60884,2026.03.23 14:33,2026.03.23 14:35,46746.81,46791.81,84.0,42.0,2.0,BE,1,True,150.0,387,1,1
0,L_1___FLAT_L+__FLAT_L+__FLAT_L,LONG,60884,60886,2026.03.23 14:35,2026.03.23 14:37,46764.81,46622.568986,-145.2,-145.2,1.0,SL,0,False,142.241014,388,1,1
0,L_1___FLAT_L+__FLAT_L+__FLAT_L,LONG,60937,60941,2026.03.23 15:28,2026.03.23 15:32,46460.31,46329.697439999996,-267.2,-133.6,2.0,SL,0,False,130.61256,391,1,1
0,L_1___FLAT_L+__FLAT_L+__FLAT_L,LONG,60953,60962,2026.03.23 15:44,2026.03.23 15:53,46583.81,46628.81,84.0,42.0,2.0,BE,1,True,150.0,395,1,1
0,L_1___FLAT_L+__FLAT_L+__FLAT_L,LONG,60969,60974,2026.03.23 16:00,2026.03.23 16:05,46612.31,46462.31,-153.0,-153.0,1.0,SL,0,False,150.0,396,1,1
0,L_1___FLAT_L+__FLAT_L+__FLAT_L,LONG,61031,61033,2026.03.23 17:02,2026.03.23 17:04,46589.0,46439.0,-306.0,-153.0,2.0,SL,0,False,150.0,401,1,1
0,L_1___FLAT_L+__FLAT_L+__FLAT_L,LONG,61083,61089,2026.03.23 17:54,2026.03.23 18:00,46592.0,46612.4103272,34.8,17.4,2.0,BE,1,True,68.034424,402,1,1
0,L_1___FLAT_L+__FLAT_L+__FLAT_L,LONG,61094,61097,2026.03.23 18:05,2026.03.23 18:08,46686.0,46708.2113994,38.4,19.2,2.0,BE,1,True,74.037998,403,1,1
0,L_1___FLAT_L+__FLAT_L+__FLAT_L,LONG,61099,61122,2026.03.23 18:10,2026.03.23 18:33,46717.5,46585.240752,-135.3,-135.3,1.0,SL,0,False,132.259248,404,1,1
0,L_1___FLAT_L+__FLAT_L+__FLAT_L,LONG,61244,61303,2026.03.23 20:35,2026.03.23 21:34,46408.0,46449.5682916,38.6,38.6,1.0,BE,1,True,150.0,411,1,1
0,L_1___FLAT_L+__FLAT_L+__FLAT_L,LONG,61306,61345,2026.03.23 21:37,2026.03.23 22:16,46514.0,46366.454832,-150.5,-150.5,1.0,SL,0,False,147.545168,412,1,1
1,S_2___FLAT_S+__FLAT_S+__FLAT_S,SHORT,63836,63841,2026.03.25 18:17,2026.03.25 18:22,46194.9,46344.9,-153.0,-153.0,1.0,SL,0,False,150.0,420,1,1
0,L_1___FLAT_L+__FLAT_L+__FLAT_L,LONG,65111,65117,2026.03.26 16:47,2026.03.26 16:53,46446.0,46482.4357602,33.4,33.4,1.0,BE,1,True,150.0,426,1,1
0,L_1___FLAT_L+__FLAT_L+__FLAT_L,LONG,65123,65176,2026.03.26 16:59,2026.03.26 17:52,46516.5,46366.5,-153.0,-153.0,1.0,SL,0,False,150.0,427,1,1
1,S_2___FLAT_S+__FLAT_S+__FLAT_S,SHORT,65330,65332,2026.03.26 20:26,2026.03.26 20:28,45994.7,45981.7002488,10.0,10.0,1.0,BE,1,True,86.665008,429,1,1
1,S_2___FLAT_S+__FLAT_S+__FLAT_S,SHORT,66166,66169,2026.03.27 11:37,2026.03.27 11:40,45953.31,45938.0404986,12.3,12.3,1.0,BE,1,True,101.796676,431,1,1
1,S_2___FLAT_S+__FLAT_S+__FLAT_S,SHORT,66459,66461,2026.03.27 16:30,2026.03.27 16:32,45629.5,45584.5,42.0,42.0,1.0,BE,1,True,150.0,432,1,1
1,S_2___FLAT_S+__FLAT_S+__FLAT_S,SHORT,66464,66477,2026.03.27 16:35,2026.03.27 16:48,45520.5,45670.5,-153.0,-153.0,1.0,SL,0,False,150.0,433,1,1
1,S_2___FLAT_S+__FLAT_S+__FLAT_S,SHORT,66486,66488,2026.03.27 16:57,2026.03.27 16:59,45467.0,45441.1819256,22.8,22.8,1.0,BE,1,True,86.060248,434,1,1
1,S_2___FLAT_S+__FLAT_S+__FLAT_S,SHORT,66617,66620,2026.03.27 19:08,2026.03.27 19:11,45453.95,45439.218070999996,11.7,11.7,1.0,BE,1,True,98.21286,437,1,1
1,S_2___FLAT_S+__FLAT_S+__FLAT_S,SHORT,66737,66740,2026.03.27 21:08,2026.03.27 21:11,45227.7,45214.214773199994,10.5,10.5,1.0,BE,1,True,89.901512,438,1,1
1,S_2___FLAT_S+__FLAT_S+__FLAT_S,SHORT,66900,67033,2026.03.30 01:06,2026.03.30 03:19,44839.18,44989.18,-153.0,-153.0,1.0,SL,0,False,150.0,441,1,1
0,L_1___FLAT_L+__FLAT_L+__FLAT_L,LONG,67674,67701,2026.03.30 14:00,2026.03.30 14:27,45418.91,45611.0234072,189.1,189.1,1.0,LF,16,True,98.519696,442,1,1
0,L_1___FLAT_L+__FLAT_L+__FLAT_L,LONG,67819,67826,2026.03.30 16:25,2026.03.30 16:32,45583.41,45600.331411800005,13.9,13.9,1.0,BE,1,True,112.809412,443,1,1
0,L_1___FLAT_L+__FLAT_L+__FLAT_L,LONG,67914,67918,2026.03.30 18:00,2026.03.30 18:04,45574.6,45595.2854476,17.7,17.7,1.0,BE,1,True,137.902984,447,1,1
0,L_1___FLAT_L+__FLAT_L+__FLAT_L,LONG,67918,67920,2026.03.30 18:04,2026.03.30 18:06,45588.6,45600.98625,9.4,9.4,1.0,BE,1,True,82.575,448,1,1
0,L_1___FLAT_L+__FLAT_L+__FLAT_L,LONG,67940,67948,2026.03.30 18:26,2026.03.30 18:34,45549.6,45561.6239154,9.0,9.0,1.0,LF,3,True,80.159436,449,1,1
0,L_1___FLAT_L+__FLAT_L+__FLAT_L,LONG,67951,67967,2026.03.30 18:37,2026.03.30 18:53,45614.6,45632.5164272,14.9,14.9,1.0,BE,1,True,119.442848,451,1,1
0,L_1___FLAT_L+__FLAT_L+__FLAT_L,LONG,68424,68427,2026.03.31 03:45,2026.03.31 03:48,45423.71,45468.71,42.0,42.0,1.0,BE,2,True,150.0,453,1,1
0,L_1___FLAT_L+__FLAT_L+__FLAT_L,LONG,68471,68475,2026.03.31 04:32,2026.03.31 04:36,45640.21,45661.2865408,18.1,18.1,1.0,BE,1,True,140.510272,455,1,1
0,L_1___FLAT_L+__FLAT_L+__FLAT_L,LONG,69217,69219,2026.03.31 16:58,2026.03.31 17:00,45838.7,45856.9511594,15.3,15.3,1.0,BE,1,True,121.674396,459,1,1
0,L_1___FLAT_L+__FLAT_L+__FLAT_L,LONG,69219,69235,2026.03.31 17:00,2026.03.31 17:16,45869.7,45719.7,-153.0,-153.0,1.0,SL,0,False,150.0,460,1,1
0,L_1___FLAT_L+__FLAT_L+__FLAT_L,LONG,69292,69294,2026.03.31 18:13,2026.03.31 18:15,45781.2,45804.796192199996,41.2,20.6,2.0,BE,1,True,150.0,465,1,1
0,L_1___FLAT_L+__FLAT_L+__FLAT_L,LONG,69296,69298,2026.03.31 18:17,2026.03.31 18:19,45809.2,45829.3896052,17.2,17.2,1.0,BE,1,True,134.597368,467,1,1
0,L_1___FLAT_L+__FLAT_L+__FLAT_L,LONG,69378,69383,2026.03.31 19:39,2026.03.31 19:44,45956.2,46181.2,222.0,222.0,1.0,LF,8,True,150.0,469,1,1
0,L_1___FLAT_L+__FLAT_L+__FLAT_L,LONG,69384,69390,2026.03.31 19:45,2026.03.31 19:51,46078.2,46123.2,84.0,42.0,2.0,BE,1,True,150.0,470,1,1
0,L_1___FLAT_L+__FLAT_L+__FLAT_L,LONG,69401,69403,2026.03.31 20:02,2026.03.31 20:04,46165.7,46192.2491522,23.5,23.5,1.0,BE,1,True,150.0,471,1,1
0,L_1___FLAT_L+__FLAT_L+__FLAT_L,LONG,69406,69408,2026.03.31 20:07,2026.03.31 20:09,46129.7,46150.0711196,34.7,17.4,2.0,BE,1,True,135.807464,472,1,1
0,L_1___FLAT_L+__FLAT_L+__FLAT_L,LONG,69410,69415,2026.03.31 20:11,2026.03.31 20:16,46121.7,46152.946185,28.2,28.2,1.0,BE,1,True,150.0,473,1,1
0,L_1___FLAT_L+__FLAT_L+__FLAT_L,LONG,69416,69434,2026.03.31 20:17,2026.03.31 20:35,46192.7,46218.081226999995,22.4,22.4,1.0,BE,1,True,150.0,474,1,1
0,L_1___FLAT_L+__FLAT_L+__FLAT_L,LONG,69473,69476,2026.03.31 21:14,2026.03.31 21:17,46209.25,46225.6824244,26.9,13.4,2.0,BE,1,True,109.549496,475,1,1
0,L_1___FLAT_L+__FLAT_L+__FLAT_L,LONG,69476,69483,2026.03.31 21:17,2026.03.31 21:24,46234.2,46179.662727999996,-57.5,-57.5,1.0,SL,0,False,54.537272,476,1,1
0,L_1___FLAT_L+__FLAT_L+__FLAT_L,LONG,69504,69507,2026.03.31 21:45,2026.03.31 21:48,46248.25,46264.1066782,12.9,12.9,1.0,BE,1,True,105.711188,477,1,1
0,L_1___FLAT_L+__FLAT_L+__FLAT_L,LONG,69592,69599,2026.03.31 23:13,2026.03.31 23:20,46361.78,46376.7541712,12.0,12.0,1.0,BE,1,True,99.827808,479,1,1
1,S_2___FLAT_S+__FLAT_S+__FLAT_S,SHORT,71190,71204,2026.04.02 04:21,2026.04.02 04:35,46296.48,46251.48,42.0,42.0,1.0,BE,2,True,150.0,483,1,1
0,L_1___FLAT_L+__FLAT_L+__FLAT_L,LONG,71982,71987,2026.04.02 17:33,2026.04.02 17:38,46327.4,46618.682776400005,288.3,288.3,1.0,LF,10,True,150.0,484,1,1
0,L_1___FLAT_L+__FLAT_L+__FLAT_L,LONG,71988,71998,2026.04.02 17:39,2026.04.02 17:49,46605.9,46455.9,-153.0,-153.0,1.0,SL,0,False,150.0,485,1,1
1,S_2___FLAT_S+__FLAT_S+__FLAT_S,SHORT,73271,73274,2026.04.06 01:08,2026.04.06 01:11,46189.78,46163.6110096,23.2,23.2,1.0,BE,1,True,150.0,488,1,1
1,S_2___FLAT_S+__FLAT_S+__FLAT_S,SHORT,73274,73283,2026.04.06 01:11,2026.04.06 01:20,46139.78,46234.766116,-98.0,-98.0,1.0,SL,0,False,94.986116,489,1,1
0,L_1___FLAT_L+__FLAT_L+__FLAT_L,LONG,74244,74261,2026.04.06 17:21,2026.04.06 17:38,46688.6,46538.6,-153.0,-153.0,1.0,SL,0,False,150.0,492,1,1
1,S_2___FLAT_S+__FLAT_S+__FLAT_S,SHORT,74864,74876,2026.04.07 04:56,2026.04.07 05:08,46494.41,46474.790577800006,16.6,16.6,1.0,BE,1,True,130.796148,493,1,1
1,S_2___FLAT_S+__FLAT_S+__FLAT_S,SHORT,75400,75405,2026.04.07 13:52,2026.04.07 13:57,46481.51,46455.8685026,22.6,22.6,1.0,BE,1,True,150.0,494,1,1
1,S_2___FLAT_S+__FLAT_S+__FLAT_S,SHORT,75595,75608,2026.04.07 17:07,2026.04.07 17:20,46246.2,46350.557124,-107.4,-107.4,1.0,SL,0,False,104.357124,496,1,1
1,S_2___FLAT_S+__FLAT_S+__FLAT_S,SHORT,75653,75710,2026.04.07 18:05,2026.04.07 19:02,46213.2,46363.2,-153.0,-153.0,1.0,SL,0,False,150.0,497,1,1
0,L_1___FLAT_L+__FLAT_L+__FLAT_L,LONG,76052,76078,2026.04.08 01:59,2026.04.08 02:25,47548.28,47584.8130826,33.5,33.5,1.0,BE,1,True,150.0,502,1,1
0,L_1___FLAT_L+__FLAT_L+__FLAT_L,LONG,76078,76117,2026.04.08 02:25,2026.04.08 03:04,47595.91,47486.560576,-112.3,-112.3,1.0,SL,0,False,109.349424,503,1,1
0,L_1___FLAT_L+__FLAT_L+__FLAT_L,LONG,76923,76940,2026.04.08 16:30,2026.04.08 16:47,47981.1,48026.1,42.0,42.0,1.0,BE,1,True,150.0,504,1,1
0,L_1___FLAT_L+__FLAT_L+__FLAT_L,LONG,78439,78442,2026.04.09 19:01,2026.04.09 19:04,48136.95,48159.3708612,19.4,19.4,1.0,LF,3,True,149.472408,510,1,1
0,L_1___FLAT_L+__FLAT_L+__FLAT_L,LONG,78446,78457,2026.04.09 19:08,2026.04.09 19:19,48184.0,48196.413205,9.4,9.4,1.0,BE,1,True,82.7547,511,1,1
1,S_2___FLAT_S+__FLAT_S+__FLAT_S,SHORT,79656,79682,2026.04.10 16:33,2026.04.10 16:59,48054.2,48013.3198166,37.9,37.9,1.0,BE,2,True,150.0,512,1,1
1,S_2___FLAT_S+__FLAT_S+__FLAT_S,SHORT,80095,80115,2026.04.13 01:07,2026.04.13 01:27,47414.78,47369.78,42.0,42.0,1.0,BE,1,True,150.0,513,1,1
0,L_1___FLAT_L+__FLAT_L+__FLAT_L,LONG,82419,82425,2026.04.14 17:09,2026.04.14 17:15,48462.85,48480.684643,14.8,14.8,1.0,BE,1,True,118.89762,515,1,1
1,S_2___FLAT_S+__FLAT_S+__FLAT_S,SHORT,83759,83768,2026.04.15 16:44,2026.04.15 16:53,48465.0,48420.9299358,41.1,41.1,1.0,BE,1,True,150.0,516,1,1
1,S_2___FLAT_S+__FLAT_S+__FLAT_S,SHORT,83775,83778,2026.04.15 17:00,2026.04.15 17:03,48408.55,48385.486622200006,20.1,20.1,1.0,BE,1,True,150.0,517,1,1
1,S_2___FLAT_S+__FLAT_S+__FLAT_S,SHORT,85144,85161,2026.04.16 17:04,2026.04.16 17:21,48391.0,48377.0337454,11.0,11.0,1.0,BE,2,True,93.108364,520,1,1
0,L_1___FLAT_L+__FLAT_L+__FLAT_L,LONG,86433,86439,2026.04.17 15:49,2026.04.17 15:55,49092.61,49128.2533288,32.6,32.6,1.0,BE,1,True,150.0,521,1,1
0,L_1___FLAT_L+__FLAT_L+__FLAT_L,LONG,86443,86451,2026.04.17 15:59,2026.04.17 16:07,49141.61,49154.4780536,9.9,9.9,1.0,BE,1,True,85.787024,522,1,1
0,L_1___FLAT_L+__FLAT_L+__FLAT_L,LONG,86453,86474,2026.04.17 16:09,2026.04.17 16:30,49183.11,49070.179292,-115.9,-115.9,1.0,SL,0,False,112.930708,523,1,1
0,L_1___FLAT_L+__FLAT_L+__FLAT_L,LONG,86498,86500,2026.04.17 16:54,2026.04.17 16:56,49255.3,49277.301673600006,19.0,19.0,1.0,BE,1,True,146.677824,524,1,1
0,L_1___FLAT_L+__FLAT_L+__FLAT_L,LONG,86500,86502,2026.04.17 16:56,2026.04.17 16:58,49318.3,49342.2042058,20.9,20.9,1.0,BE,1,True,150.0,525,1,1
0,L_1___FLAT_L+__FLAT_L+__FLAT_L,LONG,86504,86515,2026.04.17 17:00,2026.04.17 17:11,49328.8,49416.4241224,84.6,84.6,1.0,LF,8,True,48.680068,526,1,1
0,L_1___FLAT_L+__FLAT_L+__FLAT_L,LONG,86516,86531,2026.04.17 17:12,2026.04.17 17:27,49405.8,49516.266505800006,107.5,107.5,1.0,LF,9,True,52.603098,527,1,1
0,L_1___FLAT_L+__FLAT_L+__FLAT_L,LONG,86531,86537,2026.04.17 17:27,2026.04.17 17:33,49527.3,49541.598828,11.3,11.3,1.0,BE,1,True,47.66276,528,1,1
0,L_1___FLAT_L+__FLAT_L+__FLAT_L,LONG,86537,86546,2026.04.17 17:33,2026.04.17 17:42,49582.35,49606.4567604,21.1,21.1,1.0,BE,1,True,150.0,529,1,1
0,L_1___FLAT_L+__FLAT_L+__FLAT_L,LONG,86546,86554,2026.04.17 17:42,2026.04.17 17:50,49619.8,49636.050055,13.3,13.3,1.0,BE,1,True,108.3337,530,1,1
0,L_1___FLAT_L+__FLAT_L+__FLAT_L,LONG,86555,86583,2026.04.17 17:51,2026.04.17 18:19,49654.85,49522.769056,-135.1,-135.1,1.0,SL,0,False,132.080944,531,1,1
0,L_1___FLAT_L+__FLAT_L+__FLAT_L,LONG,86613,86633,2026.04.17 18:49,2026.04.17 19:09,49593.8,49648.4124842,51.6,51.6,1.0,LF,6,True,121.361076,532,1,1
1,S_2___FLAT_S+__FLAT_S+__FLAT_S,SHORT,86914,87445,2026.04.20 01:05,2026.04.20 09:56,48961.98,49111.98,-153.0,-153.0,1.0,SL,0,False,150.0,533,1,1
1,S_2___FLAT_S+__FLAT_S+__FLAT_S,SHORT,89293,89295,2026.04.21 18:00,2026.04.21 18:02,49408.5,49375.6270446,29.9,29.9,1.0,BE,1,True,150.0,538,1,1
1,S_2___FLAT_S+__FLAT_S+__FLAT_S,SHORT,89295,89321,2026.04.21 18:02,2026.04.21 18:28,49371.5,49343.595113,24.9,24.9,1.0,BE,2,True,150.0,539,1,1
1,S_2___FLAT_S+__FLAT_S+__FLAT_S,SHORT,89329,89356,2026.04.21 18:36,2026.04.21 19:03,49305.45,49425.379492,-122.9,-122.9,1.0,SL,0,False,119.929492,540,1,1
1,S_2___FLAT_S+__FLAT_S+__FLAT_S,SHORT,89430,89434,2026.04.21 20:17,2026.04.21 20:21,49196.75,49183.5855608,10.2,10.2,1.0,LF,3,True,87.762928,542,1,1
1,S_2___FLAT_S+__FLAT_S+__FLAT_S,SHORT,89575,89577,2026.04.21 22:42,2026.04.21 22:44,49109.3,49064.3,42.0,42.0,1.0,BE,1,True,150.0,543,1,1
1,S_2___FLAT_S+__FLAT_S+__FLAT_S,SHORT,90969,90972,2026.04.22 23:11,2026.04.22 23:14,49315.58,49292.1032462,20.5,20.5,1.0,BE,1,True,150.0,547,1,1
1,S_2___FLAT_S+__FLAT_S+__FLAT_S,SHORT,91132,91134,2026.04.23 03:09,2026.04.23 03:11,49214.71,49188.0662728,23.6,23.6,1.0,BE,1,True,150.0,548,1,1
1,S_2___FLAT_S+__FLAT_S+__FLAT_S,SHORT,91136,91140,2026.04.23 03:13,2026.04.23 03:17,49112.21,49021.83458,87.4,87.4,1.0,LF,7,True,150.0,549,1,1
1,S_2___FLAT_S+__FLAT_S+__FLAT_S,SHORT,92184,92186,2026.04.23 20:41,2026.04.23 20:43,48973.8,48947.7905256,23.0,23.0,1.0,BE,1,True,150.0,553,1,1
1,S_2___FLAT_S+__FLAT_S+__FLAT_S,SHORT,92186,92189,2026.04.23 20:43,2026.04.23 20:46,48937.8,48908.9973006,25.8,25.8,1.0,BE,1,True,150.0,554,1,1
1,S_2___FLAT_S+__FLAT_S+__FLAT_S,SHORT,92189,92196,2026.04.23 20:46,2026.04.23 20:53,48877.8,49027.8,-153.0,-153.0,1.0,SL,0,False,150.0,555,1,1
0,L_1___FLAT_L+__FLAT_L+__FLAT_L,LONG,93177,93193,2026.04.24 14:29,2026.04.24 14:45,49415.21,49291.156839999996,-127.1,-127.1,1.0,SL,0,False,124.05316,558,1,1
1,S_2___FLAT_S+__FLAT_S+__FLAT_S,SHORT,93743,93913,2026.04.27 01:10,2026.04.27 04:01,49084.58,49177.351132,-95.8,-95.8,1.0,SL,0,False,92.771132,561,1,1
0,L_1___FLAT_L+__FLAT_L+__FLAT_L,LONG,94665,94678,2026.04.27 16:33,2026.04.27 16:46,49355.3,49205.3,-153.0,-153.0,1.0,SL,0,False,150.0,562,1,1
1,S_2___FLAT_S+__FLAT_S+__FLAT_S,SHORT,94753,94756,2026.04.27 18:01,2026.04.27 18:04,49098.85,49081.7381944,14.1,14.1,1.0,BE,1,True,114.078704,564,1,1
1,S_2___FLAT_S+__FLAT_S+__FLAT_S,SHORT,96071,96073,2026.04.28 17:14,2026.04.28 17:16,49111.75,49088.9858806,19.8,19.8,1.0,BE,1,True,150.0,566,1,1
1,S_2___FLAT_S+__FLAT_S+__FLAT_S,SHORT,97330,97358,2026.04.29 15:34,2026.04.29 16:02,49060.71,49158.0251,-100.3,-100.3,1.0,SL,0,False,97.3151,567,1,1
1,S_2___FLAT_S+__FLAT_S+__FLAT_S,SHORT,97387,97397,2026.04.29 16:31,2026.04.29 16:41,49002.4,48957.4,42.0,42.0,1.0,BE,1,True,150.0,568,1,1
1,S_2___FLAT_S+__FLAT_S+__FLAT_S,SHORT,97398,97412,2026.04.29 16:42,2026.04.29 16:56,48947.9,48922.6566218,22.2,22.2,1.0,LF,4,True,150.0,569,1,1
1,S_2___FLAT_S+__FLAT_S+__FLAT_S,SHORT,97664,97667,2026.04.29 21:08,2026.04.29 21:11,48724.35,48703.3008936,18.0,18.0,1.0,BE,1,True,140.327376,572,1,1
0,L_1___FLAT_L+__FLAT_L+__FLAT_L,LONG,98573,98575,2026.04.30 13:32,2026.04.30 13:34,48991.01,49021.0264316,27.0,27.0,1.0,BE,2,True,150.0,573,1,1
0,L_1___FLAT_L+__FLAT_L+__FLAT_L,LONG,98575,98594,2026.04.30 13:34,2026.04.30 13:53,49054.51,49146.5220454,89.0,89.0,1.0,LF,6,True,150.0,574,1,1
0,L_1___FLAT_L+__FLAT_L+__FLAT_L,LONG,98598,98612,2026.04.30 13:57,2026.04.30 14:11,49184.51,49204.778182400005,17.3,17.3,1.0,LF,3,True,135.121216,575,1,1
0,L_1___FLAT_L+__FLAT_L+__FLAT_L,LONG,98677,98679,2026.04.30 15:16,2026.04.30 15:18,49211.51,49225.3320062,10.8,10.8,1.0,BE,1,True,92.146708,576,1,1
0,L_1___FLAT_L+__FLAT_L+__FLAT_L,LONG,98680,98684,2026.04.30 15:19,2026.04.30 15:23,49231.51,49244.7978172,10.3,10.3,1.0,BE,2,True,88.585448,577,1,1
0,L_1___FLAT_L+__FLAT_L+__FLAT_L,LONG,98685,98695,2026.04.30 15:24,2026.04.30 15:34,49246.51,49161.198252,-88.3,-88.3,1.0,SL,0,False,85.311748,578,1,1
0,L_1___FLAT_L+__FLAT_L+__FLAT_L,LONG,98765,98767,2026.04.30 16:44,2026.04.30 16:46,49238.2,49257.894006999995,16.7,16.7,1.0,BE,1,True,131.29338,580,1,1
0,L_1___FLAT_L+__FLAT_L+__FLAT_L,LONG,98768,98781,2026.04.30 16:47,2026.04.30 17:00,49248.2,49268.353185199994,17.2,17.2,1.0,BE,1,True,134.354568,581,1,1
0,L_1___FLAT_L+__FLAT_L+__FLAT_L,LONG,98781,98795,2026.04.30 17:00,2026.04.30 17:14,49293.7,49312.227330999995,15.5,15.5,1.0,BE,1,True,123.51554,582,1,1
0,L_1___FLAT_L+__FLAT_L+__FLAT_L,LONG,98795,98797,2026.04.30 17:14,2026.04.30 17:16,49308.7,49327.020843399994,15.3,15.3,1.0,BE,1,True,61.069478,583,1,1
0,L_1___FLAT_L+__FLAT_L+__FLAT_L,LONG,98797,98799,2026.04.30 17:16,2026.04.30 17:18,49320.2,49334.379590599994,11.2,11.2,1.0,BE,2,True,47.265302,584,1,1
0,L_1___FLAT_L+__FLAT_L+__FLAT_L,LONG,98799,98806,2026.04.30 17:18,2026.04.30 17:25,49359.2,49379.537460199994,17.3,17.3,1.0,LF,3,True,135.583068,585,1,1
0,L_1___FLAT_L+__FLAT_L+__FLAT_L,LONG,98806,98811,2026.04.30 17:25,2026.04.30 17:30,49404.65,49420.140299,12.5,12.5,1.0,BE,1,True,103.26866,586,1,1
0,L_1___FLAT_L+__FLAT_L+__FLAT_L,LONG,98812,98822,2026.04.30 17:31,2026.04.30 17:41,49467.15,49492.4022852,22.3,22.3,1.0,BE,1,True,150.0,587,1,1
0,L_1___FLAT_L+__FLAT_L+__FLAT_L,LONG,98822,98834,2026.04.30 17:41,2026.04.30 17:53,49454.7,49475.3717874,17.7,17.7,1.0,BE,2,True,68.905958,588,1,1
0,L_1___FLAT_L+__FLAT_L+__FLAT_L,LONG,98836,98839,2026.04.30 17:55,2026.04.30 17:58,49491.65,49450.455302,-44.2,-44.2,1.0,SL,0,False,41.194698,589,1,1
0,L_1___FLAT_L+__FLAT_L+__FLAT_L,LONG,98866,98868,2026.04.30 18:25,2026.04.30 18:27,49482.2,49498.393776799996,26.4,13.2,2.0,BE,1,True,107.958512,590,1,1
0,L_1___FLAT_L+__FLAT_L+__FLAT_L,LONG,98875,98892,2026.04.30 18:34,2026.04.30 18:51,49517.2,49532.899192,12.7,12.7,1.0,BE,1,True,104.66128,591,1,1
0,L_1___FLAT_L+__FLAT_L+__FLAT_L,LONG,98896,98902,2026.04.30 18:55,2026.04.30 19:01,49596.2,49611.8375444,12.6,12.6,1.0,BE,1,True,104.250296,592,1,1
0,L_1___FLAT_L+__FLAT_L+__FLAT_L,LONG,99021,99033,2026.04.30 21:00,2026.04.30 21:12,49626.6,49641.8455464,12.2,12.2,1.0,BE,1,True,101.636976,593,1,1
0,L_1___FLAT_L+__FLAT_L+__FLAT_L,LONG,99051,99058,2026.04.30 21:30,2026.04.30 21:37,49668.1,49681.815660399996,10.7,10.7,1.0,BE,1,True,91.437736,594,1,1
1,S_2___FLAT_S+__FLAT_S+__FLAT_S,SHORT,101275,101297,2026.05.04 13:04,2026.05.04 13:26,49296.11,49206.11,87.0,87.0,1.0,LF,4,True,150.0,597,1,1
1,S_2___FLAT_S+__FLAT_S+__FLAT_S,SHORT,101592,101596,2026.05.04 18:21,2026.05.04 18:25,49132.8,49105.845642600005,24.0,24.0,1.0,BE,1,True,150.0,599,1,1
1,S_2___FLAT_S+__FLAT_S+__FLAT_S,SHORT,101618,101621,2026.05.04 18:47,2026.05.04 18:50,49057.3,49041.3291334,13.0,13.0,1.0,BE,1,True,106.472444,601,1,1
1,S_2___FLAT_S+__FLAT_S+__FLAT_S,SHORT,105598,105600,2026.05.07 16:52,2026.05.07 16:54,49893.0,49876.1049498,13.9,13.9,1.0,BE,2,True,112.633668,606,1,1
1,S_2___FLAT_S+__FLAT_S+__FLAT_S,SHORT,105600,105605,2026.05.07 16:54,2026.05.07 16:59,49867.05,49851.5384514,12.5,12.5,1.0,BE,1,True,51.705162,607,1,1
1,S_2___FLAT_S+__FLAT_S+__FLAT_S,SHORT,105629,105636,2026.05.07 17:23,2026.05.07 17:30,49740.05,49720.255483400004,16.8,16.8,1.0,BE,1,True,131.963444,608,1,1
1,S_2___FLAT_S+__FLAT_S+__FLAT_S,SHORT,107381,107913,2026.05.11 01:05,2026.05.11 09:58,49390.38,49540.38,-306.0,-153.0,2.0,SL,0,False,150.0,611,1,1
1,S_2___FLAT_S+__FLAT_S+__FLAT_S,SHORT,109670,109673,2026.05.12 16:34,2026.05.12 16:37,49511.5,49472.0476768,36.5,36.5,1.0,BE,1,True,150.0,614,1,1
1,S_2___FLAT_S+__FLAT_S+__FLAT_S,SHORT,109676,109679,2026.05.12 16:40,2026.05.12 16:43,49404.0,49372.819536,28.2,28.2,1.0,BE,1,True,150.0,615,1,1
1,S_2___FLAT_S+__FLAT_S+__FLAT_S,SHORT,109679,109681,2026.05.12 16:43,2026.05.12 16:45,49361.5,49339.584223,18.9,18.9,1.0,BE,1,True,73.05259,616,1,1
1,S_2___FLAT_S+__FLAT_S+__FLAT_S,SHORT,109682,109707,2026.05.12 16:46,2026.05.12 17:11,49335.0,49485.0,-153.0,-153.0,1.0,SL,0,False,150.0,617,1,1
1,S_2___FLAT_S+__FLAT_S+__FLAT_S,SHORT,111041,111049,2026.05.13 16:40,2026.05.13 16:48,49459.9,49609.9,-153.0,-153.0,1.0,SL,0,False,150.0,620,1,1
0,L_1___FLAT_L+__FLAT_L+__FLAT_L,LONG,112394,112396,2026.05.14 16:28,2026.05.14 16:30,50174.21,50073.519759999996,-103.7,-103.7,1.0,SL,0,False,100.69024,621,1,1
0,L_1___FLAT_L+__FLAT_L+__FLAT_L,LONG,112484,112489,2026.05.14 17:58,2026.05.14 18:03,50071.9,50088.456199600005,13.6,13.6,1.0,BE,1,True,110.374664,627,1,1
0,L_1___FLAT_L+__FLAT_L+__FLAT_L,LONG,112490,112536,2026.05.14 18:04,2026.05.14 18:50,50102.9,50117.271242,11.4,11.4,1.0,BE,2,True,95.80828,628,1,1
0,L_1___FLAT_L+__FLAT_L+__FLAT_L,LONG,112545,112553,2026.05.14 18:59,2026.05.14 19:07,50178.95,50197.30180759999,15.4,15.4,1.0,BE,1,True,122.345384,629,1,1
1,S_2___FLAT_S+__FLAT_S+__FLAT_S,SHORT,113773,113810,2026.05.15 16:43,2026.05.15 17:20,49547.2,49697.2,-153.0,-153.0,1.0,SL,0,False,150.0,630,1,1
1,S_2___FLAT_S+__FLAT_S+__FLAT_S,SHORT,113901,113905,2026.05.15 18:51,2026.05.15 18:55,49511.15,49497.584739800004,10.6,10.6,1.0,BE,1,True,90.435068,631,1,1
1,S_2___FLAT_S+__FLAT_S+__FLAT_S,SHORT,114150,114153,2026.05.15 23:00,2026.05.15 23:03,49490.18,49469.1373778,18.0,18.0,1.0,BE,1,True,140.284148,632,1,1
1,S_2___FLAT_S+__FLAT_S+__FLAT_S,SHORT,114155,114158,2026.05.15 23:05,2026.05.15 23:08,49443.77,49430.590351399995,10.2,10.2,1.0,BE,1,True,87.864324,633,1,1
1,S_2___FLAT_S+__FLAT_S+__FLAT_S,SHORT,114295,114321,2026.05.18 02:40,2026.05.18 03:06,49314.11,49288.1793314,22.9,22.9,1.0,BE,1,True,150.0,634,1,1
0,L_1___FLAT_L+__FLAT_L+__FLAT_L,LONG,115066,115086,2026.05.18 15:42,2026.05.18 16:02,49528.71,49549.014789,17.3,17.3,1.0,LF,4,True,135.36526,636,1,1
0,L_1___FLAT_L+__FLAT_L+__FLAT_L,LONG,115131,115135,2026.05.18 16:47,2026.05.18 16:51,49645.9,49672.1337748,23.2,23.2,1.0,BE,1,True,150.0,638,1,1
0,L_1___FLAT_L+__FLAT_L+__FLAT_L,LONG,115136,115139,2026.05.18 16:52,2026.05.18 16:55,49700.9,49723.1537162,19.3,19.3,1.0,BE,1,True,148.358108,639,1,1
0,L_1___FLAT_L+__FLAT_L+__FLAT_L,LONG,115140,115143,2026.05.18 16:56,2026.05.18 16:59,49735.9,49763.0447434,24.1,24.1,1.0,BE,1,True,150.0,640,1,1
1,S_2___FLAT_S+__FLAT_S+__FLAT_S,SHORT,116479,116488,2026.05.19 16:30,2026.05.19 16:39,49405.0,49360.0,42.0,42.0,1.0,LF,3,True,150.0,645,1,1
1,S_2___FLAT_S+__FLAT_S+__FLAT_S,SHORT,117846,117850,2026.05.20 16:32,2026.05.20 16:36,49318.7,49273.7,42.0,42.0,1.0,BE,2,True,150.0,647,1,1
0,L_1___FLAT_L+__FLAT_L+__FLAT_L,LONG,117904,117908,2026.05.20 17:30,2026.05.20 17:34,49673.2,49703.3325454,27.1,27.1,1.0,BE,2,True,150.0,652,1,1
0,L_1___FLAT_L+__FLAT_L+__FLAT_L,LONG,117929,117933,2026.05.20 17:55,2026.05.20 17:59,49725.7,49746.3432844,17.6,17.6,1.0,BE,1,True,137.621896,653,1,1
0,L_1___FLAT_L+__FLAT_L+__FLAT_L,LONG,117971,117977,2026.05.20 18:37,2026.05.20 18:43,49827.35,49842.280585399996,11.9,11.9,1.0,BE,1,True,99.537236,655,1,1
0,L_1___FLAT_L+__FLAT_L+__FLAT_L,LONG,117977,117979,2026.05.20 18:43,2026.05.20 18:45,49846.85,49863.149735599996,13.3,13.3,1.0,BE,1,True,54.332452,656,1,1
0,L_1___FLAT_L+__FLAT_L+__FLAT_L,LONG,118090,118114,2026.05.20 20:36,2026.05.20 21:00,49979.85,49875.2266,-107.6,-107.6,1.0,SL,0,False,104.6234,657,1,1
1,S_2___FLAT_S+__FLAT_S+__FLAT_S,SHORT,119223,119230,2026.05.21 16:44,2026.05.21 16:51,49705.01,49855.01,-153.0,-153.0,1.0,SL,0,False,150.0,659,1,1
0,L_1___FLAT_L+__FLAT_L+__FLAT_L,LONG,119242,119287,2026.05.21 17:03,2026.05.21 17:48,50043.4,49893.4,-153.0,-153.0,1.0,SL,0,False,150.0,660,1,1
0,L_1___FLAT_L+__FLAT_L+__FLAT_L,LONG,119435,119440,2026.05.21 20:16,2026.05.21 20:21,50120.5,50163.2502664,79.5,39.8,2.0,BE,1,True,150.0,664,1,1
0,L_1___FLAT_L+__FLAT_L+__FLAT_L,LONG,119447,119452,2026.05.21 20:28,2026.05.21 20:33,50144.05,50158.534047400004,11.5,11.5,1.0,BE,2,True,96.560316,665,1,1
0,L_1___FLAT_L+__FLAT_L+__FLAT_L,LONG,119459,119461,2026.05.21 20:40,2026.05.21 20:42,50223.55,50240.1217678,13.6,13.6,1.0,BE,2,True,110.478452,667,1,1
0,L_1___FLAT_L+__FLAT_L+__FLAT_L,LONG,119463,119465,2026.05.21 20:44,2026.05.21 20:46,50258.55,50272.1397096,10.6,10.6,1.0,BE,1,True,90.598064,668,1,1
0,L_1___FLAT_L+__FLAT_L+__FLAT_L,LONG,119467,119474,2026.05.21 20:48,2026.05.21 20:55,50268.0,50317.0307208,46.0,46.0,1.0,LF,6,True,40.858934,669,1,1
0,L_1___FLAT_L+__FLAT_L+__FLAT_L,LONG,119479,119502,2026.05.21 21:00,2026.05.21 21:23,50322.0,50336.8074732,11.8,11.8,1.0,BE,2,True,98.716488,670,1,1
0,L_1___FLAT_L+__FLAT_L+__FLAT_L,LONG,119503,119509,2026.05.21 21:24,2026.05.21 21:30,50367.55,50381.210935,10.7,10.7,1.0,BE,1,True,91.0729,671,1,1
1,S_2___FLAT_S+__FLAT_S+__FLAT_S,SHORT,122992,123072,2026.05.26 15:08,2026.05.26 16:28,50807.61,50786.963392800004,17.6,17.6,1.0,LF,3,True,137.644048,677,1,1
1,S_2___FLAT_S+__FLAT_S+__FLAT_S,SHORT,123075,123105,2026.05.26 16:31,2026.05.26 17:01,50631.3,50586.3,42.0,42.0,1.0,BE,1,True,150.0,678,1,1
1,S_2___FLAT_S+__FLAT_S+__FLAT_S,SHORT,123121,123133,2026.05.26 17:17,2026.05.26 17:29,50576.7,50559.424927199994,14.3,14.3,1.0,BE,1,True,115.167152,680,1,1
1,S_2___FLAT_S+__FLAT_S+__FLAT_S,SHORT,123159,123161,2026.05.26 17:55,2026.05.26 17:57,50501.3,50487.7823006,10.5,10.5,1.0,BE,1,True,90.117996,681,1,1
1,S_2___FLAT_S+__FLAT_S+__FLAT_S,SHORT,123164,123167,2026.05.26 18:00,2026.05.26 18:03,50501.35,50479.8735868,18.5,18.5,1.0,BE,1,True,143.176088,682,1,1
1,S_2___FLAT_S+__FLAT_S+__FLAT_S,SHORT,123200,123293,2026.05.26 18:36,2026.05.26 20:09,50435.3,50423.120144,9.2,9.2,1.0,LF,4,True,81.19904,683,1,1
1,S_2___FLAT_S+__FLAT_S+__FLAT_S,SHORT,125803,125806,2026.05.28 16:29,2026.05.28 16:32,50497.51,50378.871241600005,115.6,115.6,1.0,LF,11,True,98.865632,686,1,1
1,S_2___FLAT_S+__FLAT_S+__FLAT_S,SHORT,125806,125824,2026.05.28 16:32,2026.05.28 16:50,50417.2,50567.2,-153.0,-153.0,1.0,SL,0,False,150.0,687,1,1
1,S_2___FLAT_S+__FLAT_S+__FLAT_S,SHORT,128516,128530,2026.06.01 16:12,2026.06.01 16:26,50965.81,50920.81,42.0,42.0,1.0,BE,1,True,150.0,691,1,1
1,S_2___FLAT_S+__FLAT_S+__FLAT_S,SHORT,128534,128536,2026.06.01 16:30,2026.06.01 16:32,50849.0,50809.0776878,36.9,36.9,1.0,BE,1,True,150.0,692,1,1
1,S_2___FLAT_S+__FLAT_S+__FLAT_S,SHORT,128537,128541,2026.06.01 16:33,2026.06.01 16:37,50872.0,50840.274094,28.7,28.7,1.0,BE,1,True,150.0,693,1,1
1,S_2___FLAT_S+__FLAT_S+__FLAT_S,SHORT,128541,128565,2026.06.01 16:37,2026.06.01 17:01,50870.5,50984.022522,-116.5,-116.5,1.0,SL,0,False,113.522522,694,1,1
1,S_2___FLAT_S+__FLAT_S+__FLAT_S,SHORT,128610,128617,2026.06.01 17:46,2026.06.01 17:53,50787.55,50771.616262,12.9,12.9,1.0,BE,1,True,106.22492,695,1,1
0,L_1___FLAT_L+__FLAT_L+__FLAT_L,LONG,129904,129917,2026.06.02 16:35,2026.06.02 16:48,51232.8,51082.8,-153.0,-153.0,1.0,SL,0,False,150.0,696,1,1
0,L_1___FLAT_L+__FLAT_L+__FLAT_L,LONG,129994,129996,2026.06.02 18:05,2026.06.02 18:07,51213.35,51231.408127999995,15.1,15.1,1.0,BE,1,True,120.38752,698,1,1
1,S_2___FLAT_S+__FLAT_S+__FLAT_S,SHORT,131285,131310,2026.06.03 16:51,2026.06.03 17:16,50968.9,50947.7833216,18.1,18.1,1.0,BE,1,True,140.777856,700,1,1
1,S_2___FLAT_S+__FLAT_S+__FLAT_S,SHORT,131314,131392,2026.06.03 17:20,2026.06.03 18:38,50873.9,50847.9773318,22.9,22.9,1.0,BE,1,True,150.0,701,1,1
0,L_1___FLAT_L+__FLAT_L+__FLAT_L,LONG,132650,132671,2026.06.04 16:51,2026.06.04 17:12,51411.1,51437.615654199995,23.5,23.5,1.0,LF,3,True,150.0,703,1,1
0,L_1___FLAT_L+__FLAT_L+__FLAT_L,LONG,132719,132722,2026.06.04 18:00,2026.06.04 18:03,51479.1,51493.5980778,11.5,11.5,1.0,BE,1,True,96.653852,704,1,1
0,L_1___FLAT_L+__FLAT_L+__FLAT_L,LONG,132727,132736,2026.06.04 18:08,2026.06.04 18:17,51547.1,51562.793769799995,12.7,12.7,1.0,BE,1,True,104.625132,705,1,1
0,L_1___FLAT_L+__FLAT_L+__FLAT_L,LONG,132748,132750,2026.06.04 18:29,2026.06.04 18:31,51586.1,51599.0071616,9.9,9.9,1.0,BE,1,True,86.047744,706,1,1
0,L_1___FLAT_L+__FLAT_L+__FLAT_L,LONG,132750,132790,2026.06.04 18:31,2026.06.04 19:11,51598.1,51612.4500296,11.4,11.4,1.0,BE,1,True,95.666864,707,1,1
1,S_2___FLAT_S+__FLAT_S+__FLAT_S,SHORT,134001,134004,2026.06.05 16:37,2026.06.05 16:40,51497.7,51471.4615038,23.2,23.2,1.0,BE,1,True,150.0,708,1,1
1,S_2___FLAT_S+__FLAT_S+__FLAT_S,SHORT,134007,134009,2026.06.05 16:43,2026.06.05 16:45,51398.7,51376.3822818,19.3,19.3,1.0,BE,1,True,148.784788,709,1,1
1,S_2___FLAT_S+__FLAT_S+__FLAT_S,SHORT,134317,134323,2026.06.05 21:53,2026.06.05 21:59,50935.9,50917.274421400005,15.6,15.6,1.0,BE,1,True,124.170524,714,1,1
1,S_2___FLAT_S+__FLAT_S+__FLAT_S,SHORT,134324,134334,2026.06.05 22:00,2026.06.05 22:10,50894.4,50873.0811822,18.3,18.3,1.0,BE,1,True,142.125452,715,1,1
1,S_2___FLAT_S+__FLAT_S+__FLAT_S,SHORT,134484,134486,2026.06.08 01:55,2026.06.08 01:57,50661.78,50626.1264016,32.7,32.7,1.0,BE,2,True,150.0,717,1,1
1,S_2___FLAT_S+__FLAT_S+__FLAT_S,SHORT,134639,134712,2026.06.08 04:30,2026.06.08 05:43,50638.91,50788.91,-153.0,-153.0,1.0,SL,0,False,150.0,718,1,1
1,S_2___FLAT_S+__FLAT_S+__FLAT_S,SHORT,136838,136849,2026.06.09 18:24,2026.06.09 18:35,50682.9,50529.200275200004,150.7,150.7,1.0,LF,9,True,150.0,724,1,1
1,S_2___FLAT_S+__FLAT_S+__FLAT_S,SHORT,136873,136891,2026.06.09 18:59,2026.06.09 19:17,50455.8,50433.3862458,19.4,19.4,1.0,BE,1,True,149.425028,727,1,1
1,S_2___FLAT_S+__FLAT_S+__FLAT_S,SHORT,136915,136933,2026.06.09 19:41,2026.06.09 19:59,50224.3,50374.3,-153.0,-153.0,1.0,SL,0,False,150.0,729,1,1
1,S_2___FLAT_S+__FLAT_S+__FLAT_S,SHORT,138230,138236,2026.06.10 18:51,2026.06.10 18:57,50164.6,50314.6,-153.0,-153.0,1.0,SL,0,False,150.0,738,1,1
0,L_1___FLAT_L+__FLAT_L+__FLAT_L,LONG,139703,139705,2026.06.11 20:39,2026.06.11 20:41,50693.7,50721.270899999996,24.6,24.6,1.0,BE,1,True,150.0,757,1,1
0,L_1___FLAT_L+__FLAT_L+__FLAT_L,LONG,139705,139708,2026.06.11 20:41,2026.06.11 20:44,50762.2,50794.4637226,29.3,29.3,1.0,BE,1,True,150.0,758,1,1
0,L_1___FLAT_L+__FLAT_L+__FLAT_L,LONG,139708,139711,2026.06.11 20:44,2026.06.11 20:47,50792.7,50718.707817999995,-154.0,-77.0,2.0,SL,0,False,73.992182,759,1,1
0,L_1___FLAT_L+__FLAT_L+__FLAT_L,LONG,139739,139742,2026.06.11 21:15,2026.06.11 21:18,50718.7,50744.677043799995,23.0,23.0,1.0,BE,1,True,150.0,761,1,1
0,L_1___FLAT_L+__FLAT_L+__FLAT_L,LONG,139743,139772,2026.06.11 21:19,2026.06.11 21:48,50740.2,50760.268966799995,17.1,17.1,1.0,BE,1,True,133.793112,762,1,1
0,L_1___FLAT_L+__FLAT_L+__FLAT_L,LONG,140909,140934,2026.06.12 18:00,2026.06.12 18:25,51377.5,51408.9298762,28.4,28.4,1.0,BE,1,True,150.0,765,1,1
0,L_1___FLAT_L+__FLAT_L+__FLAT_L,LONG,143552,143574,2026.06.16 16:33,2026.06.16 16:55,52081.7,51931.7,-306.0,-153.0,2.0,SL,0,False,150.0,771,1,1
1,S_2___FLAT_S+__FLAT_S+__FLAT_S,SHORT,145184,145187,2026.06.17 21:00,2026.06.17 21:03,51986.56,51941.56,84.0,42.0,2.0,BE,1,True,150.0,773,1,1
1,S_2___FLAT_S+__FLAT_S+__FLAT_S,SHORT,145187,145191,2026.06.17 21:03,2026.06.17 21:07,51930.8,51885.8,42.0,42.0,1.0,LF,3,True,150.0,774,1,1
1,S_2___FLAT_S+__FLAT_S+__FLAT_S,SHORT,145214,145216,2026.06.17 21:30,2026.06.17 21:32,51886.8,52022.810232,-139.0,-139.0,1.0,SL,0,False,136.010232,776,1,1
1,S_2___FLAT_S+__FLAT_S+__FLAT_S,SHORT,145254,145256,2026.06.17 22:10,2026.06.17 22:12,51801.3,51773.6688432,24.6,24.6,1.0,BE,1,True,150.0,777,1,1
1,S_2___FLAT_S+__FLAT_S+__FLAT_S,SHORT,145261,145263,2026.06.17 22:17,2026.06.17 22:19,51773.3,51742.710528200005,27.6,27.6,1.0,BE,1,True,150.0,779,1,1
1,S_2___FLAT_S+__FLAT_S+__FLAT_S,SHORT,145263,145290,2026.06.17 22:19,2026.06.17 22:46,51712.3,51489.081640000004,220.2,220.2,1.0,LF,11,True,150.0,780,1,1
1,S_2___FLAT_S+__FLAT_S+__FLAT_S,SHORT,146324,146332,2026.06.18 17:15,2026.06.18 17:23,51572.3,51722.3,-153.0,-153.0,1.0,SL,0,False,150.0,784,1,1
1,S_2___FLAT_S+__FLAT_S+__FLAT_S,SHORT,146407,146504,2026.06.18 18:38,2026.06.18 20:15,51588.35,51730.854144,-145.5,-145.5,1.0,SL,0,False,142.504144,788,1,1
1,S_2___FLAT_S+__FLAT_S+__FLAT_S,SHORT,147857,147867,2026.06.22 01:08,2026.06.22 01:18,51415.75,51357.4140088,55.3,55.3,1.0,LF,7,True,97.226652,791,1,1
0,L_1___FLAT_L+__FLAT_L+__FLAT_L,LONG,148780,148839,2026.06.22 16:31,2026.06.22 17:30,51875.5,51725.5,-153.0,-153.0,1.0,SL,0,False,150.0,793,1,1
1,S_2___FLAT_S+__FLAT_S+__FLAT_S,SHORT,150149,150154,2026.06.23 16:35,2026.06.23 16:40,51299.3,51449.3,-153.0,-153.0,1.0,SL,0,False,150.0,795,1,1
0,L_1___FLAT_L+__FLAT_L+__FLAT_L,LONG,150164,150170,2026.06.23 16:50,2026.06.23 16:56,51675.8,51525.8,-153.0,-153.0,1.0,SL,0,False,150.0,797,1,1
0,L_1___FLAT_L+__FLAT_L+__FLAT_L,LONG,150190,150194,2026.06.23 17:16,2026.06.23 17:20,51754.35,51781.1701254,23.8,23.8,1.0,BE,1,True,150.0,798,1,1
0,L_1___FLAT_L+__FLAT_L+__FLAT_L,LONG,151566,151572,2026.06.24 17:27,2026.06.24 17:33,51900.9,51923.55999,39.3,19.7,2.0,BE,1,True,150.0,804,1,1
0,L_1___FLAT_L+__FLAT_L+__FLAT_L,LONG,151583,151587,2026.06.24 17:44,2026.06.24 17:48,51958.45,51989.9257246,28.5,28.5,1.0,BE,1,True,150.0,805,1,1
0,L_1___FLAT_L+__FLAT_L+__FLAT_L,LONG,151589,151592,2026.06.24 17:50,2026.06.24 17:53,52015.45,52038.285078999994,19.8,19.8,1.0,BE,1,True,150.0,806,1,1
0,L_1___FLAT_L+__FLAT_L+__FLAT_L,LONG,151592,151608,2026.06.24 17:53,2026.06.24 18:09,52046.4,52096.5337632,47.1,47.1,1.0,LF,7,True,83.556272,807,1,1
0,L_1___FLAT_L+__FLAT_L+__FLAT_L,LONG,151614,151638,2026.06.24 18:15,2026.06.24 18:39,52113.95,52228.12042879999,111.2,111.2,1.0,LF,12,True,84.570688,808,1,1
0,L_1___FLAT_L+__FLAT_L+__FLAT_L,LONG,151809,151811,2026.06.24 21:30,2026.06.24 21:32,51969.85,51984.8975992,12.0,12.0,1.0,BE,1,True,100.317328,814,1,1
0,L_1___FLAT_L+__FLAT_L+__FLAT_L,LONG,152874,152889,2026.06.25 16:30,2026.06.25 16:45,52236.7,52086.7,-153.0,-153.0,1.0,SL,0,False,150.0,818,1,1
0,L_1___FLAT_L+__FLAT_L+__FLAT_L,LONG,152913,152915,2026.06.25 17:09,2026.06.25 17:11,52402.2,52432.976286,27.8,27.8,1.0,BE,1,True,150.0,820,1,1
0,L_1___FLAT_L+__FLAT_L+__FLAT_L,LONG,152916,152945,2026.06.25 17:12,2026.06.25 17:41,52438.2,52598.190768,157.0,157.0,1.0,LF,10,True,150.0,821,1,1
0,L_1___FLAT_L+__FLAT_L+__FLAT_L,LONG,152952,152960,2026.06.25 17:48,2026.06.25 17:56,52581.2,52598.98113199999,14.8,14.8,1.0,LF,4,True,118.54088,822,1,1
1,S_2___FLAT_S+__FLAT_S+__FLAT_S,SHORT,154250,154255,2026.06.26 16:41,2026.06.26 16:46,51642.4,51610.3927408,29.0,29.0,1.0,BE,1,True,150.0,834,1,1
0,L_1___FLAT_L+__FLAT_L+__FLAT_L,LONG,158372,158381,2026.07.01 17:08,2026.07.01 17:17,52367.05,52391.225249200004,21.2,21.2,1.0,BE,2,True,150.0,847,1,1
0,L_1___FLAT_L+__FLAT_L+__FLAT_L,LONG,158384,158432,2026.07.01 17:20,2026.07.01 18:08,52416.1,52439.2272256,40.3,20.1,2.0,BE,2,True,150.0,848,1,1
0,L_1___FLAT_L+__FLAT_L+__FLAT_L,LONG,158489,158494,2026.07.01 19:05,2026.07.01 19:10,52663.1,52676.0881784,10.0,10.0,1.0,BE,1,True,86.587856,849,1,1
0,L_1___FLAT_L+__FLAT_L+__FLAT_L,LONG,158498,158519,2026.07.01 19:14,2026.07.01 19:35,52725.1,52642.873503999996,-170.5,-85.2,2.0,SL,0,False,82.226496,850,1,1
0,L_1___FLAT_L+__FLAT_L+__FLAT_L,LONG,159714,159717,2026.07.02 16:46,2026.07.02 16:49,52724.0,52747.993196,21.0,21.0,1.0,BE,1,True,150.0,851,1,1
0,L_1___FLAT_L+__FLAT_L+__FLAT_L,LONG,159718,159720,2026.07.02 16:50,2026.07.02 16:52,52752.5,52773.4050032,17.9,17.9,1.0,BE,1,True,139.366688,852,1,1
0,L_1___FLAT_L+__FLAT_L+__FLAT_L,LONG,159720,159729,2026.07.02 16:52,2026.07.02 17:01,52778.0,52628.0,-153.0,-153.0,1.0,SL,0,False,150.0,853,1,1
0,L_1___FLAT_L+__FLAT_L+__FLAT_L,LONG,159742,159747,2026.07.02 17:14,2026.07.02 17:19,52754.0,52770.7621496,13.8,13.8,1.0,BE,2,True,111.747664,854,1,1
0,L_1___FLAT_L+__FLAT_L+__FLAT_L,LONG,160078,160080,2026.07.02 22:50,2026.07.02 22:52,52748.5,52765.4641354,14.0,14.0,1.0,BE,1,True,113.094236,858,1,1
0,L_1___FLAT_L+__FLAT_L+__FLAT_L,LONG,160080,160083,2026.07.02 22:52,2026.07.02 22:55,52778.45,52791.3498854,19.8,9.9,2.0,BE,2,True,85.999236,859,1,1
0,L_1___FLAT_L+__FLAT_L+__FLAT_L,LONG,160083,160086,2026.07.02 22:55,2026.07.02 22:58,52820.5,52839.3350086,31.7,15.8,2.0,BE,2,True,125.566724,860,1,1
1,S_2___FLAT_S+__FLAT_S+__FLAT_S,SHORT,162109,162179,2026.07.06 15:01,2026.07.06 16:11,52777.96,52763.2589074,11.7,11.7,1.0,BE,1,True,98.007284,861,1,1
1,S_2___FLAT_S+__FLAT_S+__FLAT_S,SHORT,162220,162222,2026.07.06 16:52,2026.07.06 16:54,52799.65,52770.018284800004,26.6,26.6,1.0,BE,2,True,150.0,862,1,1
1,S_2___FLAT_S+__FLAT_S+__FLAT_S,SHORT,162237,162242,2026.07.06 17:09,2026.07.06 17:14,52645.15,52730.918696,-88.8,-88.8,1.0,SL,0,False,85.768696,864,1,1
1,S_2___FLAT_S+__FLAT_S+__FLAT_S,SHORT,163602,163608,2026.07.07 17:10,2026.07.07 17:16,52990.0,52970.3462704,16.7,16.7,1.0,LF,3,True,131.024864,867,1,1
1,S_2___FLAT_S+__FLAT_S+__FLAT_S,SHORT,163608,163612,2026.07.07 17:16,2026.07.07 17:20,52960.95,53046.929262,-89.0,-89.0,1.0,SL,0,False,85.979262,868,1,1
1,S_2___FLAT_S+__FLAT_S+__FLAT_S,SHORT,163625,163627,2026.07.07 17:33,2026.07.07 17:35,52959.0,52941.0731742,14.9,14.9,1.0,BE,1,True,119.512172,869,1,1
1,S_2___FLAT_S+__FLAT_S+__FLAT_S,SHORT,163630,163633,2026.07.07 17:38,2026.07.07 17:41,52917.0,52900.089042,13.9,13.9,1.0,BE,1,True,112.73972,870,1,1
1,S_2___FLAT_S+__FLAT_S+__FLAT_S,SHORT,163635,163650,2026.07.07 17:43,2026.07.07 17:58,52907.5,52890.6716086,13.8,13.8,1.0,BE,1,True,112.189276,872,1,1
1,S_2___FLAT_S+__FLAT_S+__FLAT_S,SHORT,163666,163668,2026.07.07 18:14,2026.07.07 18:16,52780.0,52765.0108606,12.0,12.0,1.0,BE,1,True,99.927596,873,1,1
1,S_2___FLAT_S+__FLAT_S+__FLAT_S,SHORT,164623,164625,2026.07.08 11:26,2026.07.08 11:28,52459.76,52445.6739698,11.1,11.1,1.0,BE,2,True,46.953434,874,1,1
1,S_2___FLAT_S+__FLAT_S+__FLAT_S,SHORT,164626,164628,2026.07.08 11:29,2026.07.08 11:31,52395.26,52370.8946804,21.4,21.4,1.0,BE,1,True,150.0,875,1,1
1,S_2___FLAT_S+__FLAT_S+__FLAT_S,SHORT,164632,164638,2026.07.08 11:35,2026.07.08 11:41,52306.26,52275.376219800004,27.9,27.9,1.0,BE,1,True,150.0,876,1,1
1,S_2___FLAT_S+__FLAT_S+__FLAT_S,SHORT,165005,165007,2026.07.08 17:48,2026.07.08 17:50,52184.3,52169.203174400005,12.1,12.1,1.0,BE,2,True,100.645504,880,1,1
1,S_2___FLAT_S+__FLAT_S+__FLAT_S,SHORT,167701,167703,2026.07.10 17:14,2026.07.10 17:16,52439.9,52426.510068200005,10.4,10.4,1.0,BE,1,True,89.266212,885,1,1
1,S_2___FLAT_S+__FLAT_S+__FLAT_S,SHORT,167719,167721,2026.07.10 17:32,2026.07.10 17:34,52320.45,52275.45,42.0,42.0,1.0,BE,2,True,150.0,886,1,1
1,S_2___FLAT_S+__FLAT_S+__FLAT_S,SHORT,168097,168282,2026.07.13 01:05,2026.07.13 04:10,52525.05,52480.05,42.0,42.0,1.0,BE,1,True,150.0,888,1,1
0,L_1___FLAT_L+__FLAT_L+__FLAT_L,LONG,169022,169024,2026.07.13 16:30,2026.07.13 16:32,52717.85,52759.459191199996,38.6,38.6,1.0,BE,1,True,150.0,889,1,1
1,S_2___FLAT_S+__FLAT_S+__FLAT_S,SHORT,170237,170240,2026.07.14 14:00,2026.07.14 14:03,52177.66,52132.66,42.0,42.0,1.0,BE,1,True,150.0,893,1,1
1,S_2___FLAT_S+__FLAT_S+__FLAT_S,SHORT,170245,170248,2026.07.14 14:08,2026.07.14 14:11,52041.66,52022.651181600006,16.0,16.0,1.0,BE,1,True,63.362728,894,1,1
0,L_1___FLAT_L+__FLAT_L+__FLAT_L,LONG,170327,170331,2026.07.14 15:30,2026.07.14 15:34,52629.16,52479.16,-153.0,-153.0,1.0,SL,0,False,150.0,895,1,1
0,L_1___FLAT_L+__FLAT_L+__FLAT_L,LONG,171758,171760,2026.07.15 16:36,2026.07.15 16:38,52774.45,52819.45,42.0,42.0,1.0,BE,1,True,150.0,899,1,1
1,S_2___FLAT_S+__FLAT_S+__FLAT_S,SHORT,174480,174482,2026.07.17 16:29,2026.07.17 16:31,52001.26,51964.25692,34.0,34.0,1.0,BE,1,True,150.0,905,1,1
0,L_1___FLAT_L+__FLAT_L+__FLAT_L,LONG,174498,174518,2026.07.17 16:47,2026.07.17 17:07,52474.45,52513.102914999996,35.7,35.7,1.0,BE,1,True,150.0,907,1,1
0,L_1___FLAT_L+__FLAT_L+__FLAT_L,LONG,174523,174527,2026.07.17 17:12,2026.07.17 17:16,52553.15,52572.541610600005,16.4,16.4,1.0,BE,2,True,129.277404,908,1,1
1,S_2___FLAT_S+__FLAT_S+__FLAT_S,SHORT,175885,175887,2026.07.20 17:09,2026.07.20 17:11,52044.8,52030.761242600005,11.0,11.0,1.0,BE,1,True,93.591716,913,1,1
1,S_2___FLAT_S+__FLAT_S+__FLAT_S,SHORT,175895,175897,2026.07.20 17:19,2026.07.20 17:21,52032.8,52019.3057972,10.5,10.5,1.0,LF,3,True,89.961352,914,1,1
1,S_2___FLAT_S+__FLAT_S+__FLAT_S,SHORT,175908,175911,2026.07.20 17:32,2026.07.20 17:35,52001.75,51980.7049514,18.0,18.0,1.0,BE,1,True,140.300324,915,1,1
