tag,loss_events,worst_bar,worst_day,losing_weeks,weeks,days,loss_days,entry_bars,trades,WR,PF,BE_WR,MARGIN,net,lots_per_bar_mean,max_concurrent,breach_2500,k,convention,status,trial_no,rule_bars_LONG,rule_bars_LONG_in_297,rule_LONG_T,rule_bars_SHORT,rule_bars_SHORT_in_297,rule_SHORT_T,window,fold
FULL_k2_ONE,221.0,-306.0,-671.6,9.0,26.0,127.0,101.0,1241.0,1241,82.19,1.16,79.93,2.26,4790.5,1.0,2.0,0.0,2,ONE,OK,2,949,253,"['AT_Score_ST:lo', 'Slope_EMA_ST:lo', 'D2D_Signal:==1', 'D2D_Up_Count:hi', 'EMA_Oscillator:lo', 'AT_Slope_ST:lo']",719.0,84.0,"['AT_Score_LT:hi', 'D2D_Signal:==-1', 'VAL_Side:==0', 'D2D_Dn_Count:hi', 'EMA_Oscillator:hi', 'D2D_Dynamic_Sensitivity:lo']",FULL,
FULL_k2_RR,285.0,-306.0,-1327.9,7.0,26.0,127.0,106.0,1668.0,1668,82.91,1.27,79.26,3.65,9922.1,1.0,7.0,0.0,2,RR,OK,3,949,253,"['AT_Score_ST:lo', 'Slope_EMA_ST:lo', 'D2D_Signal:==1', 'D2D_Up_Count:hi', 'EMA_Oscillator:lo', 'AT_Slope_ST:lo']",719.0,84.0,"['AT_Score_LT:hi', 'D2D_Signal:==-1', 'VAL_Side:==0', 'D2D_Dn_Count:hi', 'EMA_Oscillator:hi', 'D2D_Dynamic_Sensitivity:lo']",FULL,
FULL_k3_ONE,60.0,-306.0,-521.2,11.0,26.0,112.0,49.0,344.0,344,82.56,1.3,78.4,4.16,2677.4,1.0,2.0,0.0,3,ONE,OK,4,236,111,"['AT_Score_ST:lo', 'Slope_EMA_ST:lo', 'D2D_Signal:==1', 'D2D_Up_Count:hi', 'EMA_Oscillator:lo', 'AT_Slope_ST:lo']",216.0,24.0,"['AT_Score_LT:hi', 'D2D_Signal:==-1', 'VAL_Side:==0', 'D2D_Dn_Count:hi', 'EMA_Oscillator:hi', 'D2D_Dynamic_Sensitivity:lo']",FULL,
FULL_k3_RR,81.0,-306.0,-795.0,12.0,26.0,112.0,51.0,452.0,452,82.08,1.33,77.44,4.64,3578.2,1.0,7.0,0.0,3,RR,OK,5,236,111,"['AT_Score_ST:lo', 'Slope_EMA_ST:lo', 'D2D_Signal:==1', 'D2D_Up_Count:hi', 'EMA_Oscillator:lo', 'AT_Slope_ST:lo']",216.0,24.0,"['AT_Score_LT:hi', 'D2D_Signal:==-1', 'VAL_Side:==0', 'D2D_Dn_Count:hi', 'EMA_Oscillator:hi', 'D2D_Dynamic_Sensitivity:lo']",FULL,
FULL_k4_ONE,12.0,-306.0,-306.0,10.0,25.0,59.0,12.0,71.0,71,83.1,1.84,72.81,10.29,1470.9,1.0,1.0,0.0,4,ONE,OK,6,41,35,"['AT_Score_ST:lo', 'Slope_EMA_ST:lo', 'D2D_Signal:==1', 'D2D_Up_Count:hi', 'EMA_Oscillator:lo', 'AT_Slope_ST:lo']",32.0,3.0,"['AT_Score_LT:hi', 'D2D_Signal:==-1', 'VAL_Side:==0', 'D2D_Dn_Count:hi', 'EMA_Oscillator:hi', 'D2D_Dynamic_Sensitivity:lo']",FULL,
FULL_k4_RR,12.0,-306.0,-306.0,10.0,25.0,59.0,12.0,73.0,73,83.56,1.85,73.27,10.29,1503.4,1.0,3.0,0.0,4,RR,OK,7,41,35,"['AT_Score_ST:lo', 'Slope_EMA_ST:lo', 'D2D_Signal:==1', 'D2D_Up_Count:hi', 'EMA_Oscillator:lo', 'AT_Slope_ST:lo']",32.0,3.0,"['AT_Score_LT:hi', 'D2D_Signal:==-1', 'VAL_Side:==0', 'D2D_Dn_Count:hi', 'EMA_Oscillator:hi', 'D2D_Dynamic_Sensitivity:lo']",FULL,
FULL_k5_ONE,1.0,-108.0,-92.2,1.0,12.0,16.0,1.0,17.0,17,94.12,10.7,59.93,34.19,1047.3,1.0,1.0,0.0,5,ONE,OK,8,17,16,"['AT_Score_ST:lo', 'Slope_EMA_ST:lo', 'D2D_Signal:==1', 'D2D_Up_Count:hi', 'EMA_Oscillator:lo', 'AT_Slope_ST:lo']",0.0,0.0,"['AT_Score_LT:hi', 'D2D_Signal:==-1', 'VAL_Side:==0', 'D2D_Dn_Count:hi', 'EMA_Oscillator:hi', 'D2D_Dynamic_Sensitivity:lo']",FULL,
FULL_k5_RR,1.0,-108.0,-92.2,1.0,12.0,16.0,1.0,17.0,17,94.12,10.7,59.93,34.19,1047.3,1.0,1.0,0.0,5,RR,OK,9,17,16,"['AT_Score_ST:lo', 'Slope_EMA_ST:lo', 'D2D_Signal:==1', 'D2D_Up_Count:hi', 'EMA_Oscillator:lo', 'AT_Slope_ST:lo']",0.0,0.0,"['AT_Score_LT:hi', 'D2D_Signal:==-1', 'VAL_Side:==0', 'D2D_Dn_Count:hi', 'EMA_Oscillator:hi', 'D2D_Dynamic_Sensitivity:lo']",FULL,
FULL_k6_ONE,,,,,,,,,0,,,,,,,,,6,ONE,OK,10,0,0,"['AT_Score_ST:lo', 'Slope_EMA_ST:lo', 'D2D_Signal:==1', 'D2D_Up_Count:hi', 'EMA_Oscillator:lo', 'AT_Slope_ST:lo']",0.0,0.0,"['AT_Score_LT:hi', 'D2D_Signal:==-1', 'VAL_Side:==0', 'D2D_Dn_Count:hi', 'EMA_Oscillator:hi', 'D2D_Dynamic_Sensitivity:lo']",FULL,
FULL_k6_RR,,,,,,,,,0,,,,,,,,,6,RR,OK,11,0,0,"['AT_Score_ST:lo', 'Slope_EMA_ST:lo', 'D2D_Signal:==1', 'D2D_Up_Count:hi', 'EMA_Oscillator:lo', 'AT_Slope_ST:lo']",0.0,0.0,"['AT_Score_LT:hi', 'D2D_Signal:==-1', 'VAL_Side:==0', 'D2D_Dn_Count:hi', 'EMA_Oscillator:hi', 'D2D_Dynamic_Sensitivity:lo']",FULL,
WF_2026.02_k2_ONE,7.0,-153.0,-63.6,0.0,4.0,13.0,5.0,70.0,70,90.0,2.91,75.54,14.46,1374.0,1.0,1.0,0.0,2,ONE,OK,12,198,40,"['VWAP_Side:==-1', 'Harmonic_D2D_Concordance:==0', 'Harmonic_OBVf_Concordance:==0', 'OR_High_Side:==-1', 'Sqz_State:==1', 'PrevDay_Close_Side:==-1']",,,,2026.02,Feb
WF_2026.02_k2_RR,26.0,-153.0,-177.6,0.0,4.0,13.0,11.0,198.0,198,86.87,2.01,76.68,10.19,2470.9,1.0,8.0,0.0,2,RR,OK,13,198,40,"['VWAP_Side:==-1', 'Harmonic_D2D_Concordance:==0', 'Harmonic_OBVf_Concordance:==0', 'OR_High_Side:==-1', 'Sqz_State:==1', 'PrevDay_Close_Side:==-1']",,,,2026.02,Feb
WF_2026.02_k3_ONE,8.0,-153.0,-100.4,0.0,4.0,13.0,6.0,68.0,68,88.24,2.46,75.27,12.97,1176.4,1.0,1.0,0.0,3,ONE,OK,14,188,40,"['VWAP_Side:==-1', 'Harmonic_D2D_Concordance:==0', 'Harmonic_OBVf_Concordance:==0', 'OR_High_Side:==-1', 'Sqz_State:==1', 'PrevDay_Close_Side:==-1']",,,,2026.02,Feb
WF_2026.02_k3_RR,26.0,-153.0,-177.6,0.0,4.0,13.0,11.0,188.0,188,86.17,1.91,76.57,9.6,2214.6,1.0,8.0,0.0,3,RR,OK,15,188,40,"['VWAP_Side:==-1', 'Harmonic_D2D_Concordance:==0', 'Harmonic_OBVf_Concordance:==0', 'OR_High_Side:==-1', 'Sqz_State:==1', 'PrevDay_Close_Side:==-1']",,,,2026.02,Feb
WF_2026.02_k4_ONE,8.0,-153.0,-100.4,1.0,4.0,12.0,6.0,55.0,55,85.45,1.94,75.13,10.32,732.4,1.0,1.0,0.0,4,ONE,OK,16,146,32,"['VWAP_Side:==-1', 'Harmonic_D2D_Concordance:==0', 'Harmonic_OBVf_Concordance:==0', 'OR_High_Side:==-1', 'Sqz_State:==1', 'PrevDay_Close_Side:==-1']",,,,2026.02,Feb
WF_2026.02_k4_RR,23.0,-153.0,-190.4,0.0,4.0,12.0,9.0,146.0,146,84.25,1.47,78.38,5.86,1040.7,1.0,7.0,0.0,4,RR,OK,17,146,32,"['VWAP_Side:==-1', 'Harmonic_D2D_Concordance:==0', 'Harmonic_OBVf_Concordance:==0', 'OR_High_Side:==-1', 'Sqz_State:==1', 'PrevDay_Close_Side:==-1']",,,,2026.02,Feb
WF_2026.02_k5_ONE,7.0,-153.0,-40.3,0.0,4.0,11.0,5.0,48.0,48,85.42,1.73,77.23,8.18,490.5,1.0,1.0,0.0,5,ONE,OK,18,128,27,"['VWAP_Side:==-1', 'Harmonic_D2D_Concordance:==0', 'Harmonic_OBVf_Concordance:==0', 'OR_High_Side:==-1', 'Sqz_State:==1', 'PrevDay_Close_Side:==-1']",,,,2026.02,Feb
WF_2026.02_k5_RR,17.0,-153.0,-291.0,0.0,4.0,11.0,7.0,128.0,128,86.72,1.65,79.82,6.89,1092.6,1.0,7.0,0.0,5,RR,OK,19,128,27,"['VWAP_Side:==-1', 'Harmonic_D2D_Concordance:==0', 'Harmonic_OBVf_Concordance:==0', 'OR_High_Side:==-1', 'Sqz_State:==1', 'PrevDay_Close_Side:==-1']",,,,2026.02,Feb
WF_2026.02_k6_ONE,4.0,-134.2,-84.1,1.0,4.0,10.0,4.0,27.0,27,85.19,1.52,79.04,6.15,190.5,1.0,1.0,0.0,6,ONE,OK,20,54,12,"['VWAP_Side:==-1', 'Harmonic_D2D_Concordance:==0', 'Harmonic_OBVf_Concordance:==0', 'OR_High_Side:==-1', 'Sqz_State:==1', 'PrevDay_Close_Side:==-1']",,,,2026.02,Feb
WF_2026.02_k6_RR,9.0,-153.0,-312.4,2.0,4.0,10.0,4.0,54.0,54,83.33,1.42,77.94,5.4,401.5,1.0,7.0,0.0,6,RR,OK,21,54,12,"['VWAP_Side:==-1', 'Harmonic_D2D_Concordance:==0', 'Harmonic_OBVf_Concordance:==0', 'OR_High_Side:==-1', 'Sqz_State:==1', 'PrevDay_Close_Side:==-1']",,,,2026.02,Feb
WF_2026.03_k2_ONE,115.0,-306.0,-397.1,0.0,5.0,22.0,22.0,572.0,572,79.9,1.16,77.39,2.5,1875.5,1.0,2.0,0.0,2,ONE,OK,22,165,33,"['D2D_Up_Count:hi', 'D2D_Signal:==1', 'AT_Score_ST:lo', 'Slope_EMA_ST:lo', 'AT_Slope_ST:lo', 'AT_Score_LT:lo']",1346.0,51.0,"['Sqz_Val:hi', 'Momentum_Value:hi', 'Micro_Hurst:hi', 'OBVf_Signal:==1', 'OBVf_Trend_Dir:==1', 'Trend_Concordance:==0']",2026.03,Mar
WF_2026.03_k2_RR,278.0,-306.0,-1009.9,1.0,5.0,23.0,22.0,1511.0,1511,81.6,1.23,78.3,3.3,5963.1,1.0,10.0,0.0,2,RR,OK,23,165,33,"['D2D_Up_Count:hi', 'D2D_Signal:==1', 'AT_Score_ST:lo', 'Slope_EMA_ST:lo', 'AT_Slope_ST:lo', 'AT_Score_LT:lo']",1346.0,51.0,"['Sqz_Val:hi', 'Momentum_Value:hi', 'Micro_Hurst:hi', 'OBVf_Signal:==1', 'OBVf_Trend_Dir:==1', 'Trend_Concordance:==0']",2026.03,Mar
WF_2026.03_k3_ONE,84.0,-306.0,-577.1,2.0,5.0,22.0,22.0,445.0,445,81.12,1.17,78.62,2.51,1319.4,1.0,2.0,0.0,3,ONE,OK,24,59,21,"['D2D_Up_Count:hi', 'D2D_Signal:==1', 'AT_Score_ST:lo', 'Slope_EMA_ST:lo', 'AT_Slope_ST:lo', 'AT_Score_LT:lo']",1213.0,47.0,"['Sqz_Val:hi', 'Momentum_Value:hi', 'Micro_Hurst:hi', 'OBVf_Signal:==1', 'OBVf_Trend_Dir:==1', 'Trend_Concordance:==0']",2026.03,Mar
WF_2026.03_k3_RR,231.0,-306.0,-1128.3,2.0,5.0,23.0,22.0,1272.0,1272,81.84,1.23,78.5,3.34,4841.2,1.0,10.0,0.0,3,RR,OK,25,59,21,"['D2D_Up_Count:hi', 'D2D_Signal:==1', 'AT_Score_ST:lo', 'Slope_EMA_ST:lo', 'AT_Slope_ST:lo', 'AT_Score_LT:lo']",1213.0,47.0,"['Sqz_Val:hi', 'Momentum_Value:hi', 'Micro_Hurst:hi', 'OBVf_Signal:==1', 'OBVf_Trend_Dir:==1', 'Trend_Concordance:==0']",2026.03,Mar
WF_2026.03_k4_ONE,52.0,-153.0,-288.3,3.0,5.0,22.0,21.0,242.0,242,78.51,0.97,79.01,-0.5,-126.8,1.0,2.0,0.0,4,ONE,OK,26,23,11,"['D2D_Up_Count:hi', 'D2D_Signal:==1', 'AT_Score_ST:lo', 'Slope_EMA_ST:lo', 'AT_Slope_ST:lo', 'AT_Score_LT:lo']",510.0,33.0,"['Sqz_Val:hi', 'Momentum_Value:hi', 'Micro_Hurst:hi', 'OBVf_Signal:==1', 'OBVf_Trend_Dir:==1', 'Trend_Concordance:==0']",2026.03,Mar
WF_2026.03_k4_RR,101.0,-153.0,-709.7,2.0,5.0,23.0,21.0,533.0,533,81.05,1.08,79.8,1.26,739.1,1.0,7.0,0.0,4,RR,OK,27,23,11,"['D2D_Up_Count:hi', 'D2D_Signal:==1', 'AT_Score_ST:lo', 'Slope_EMA_ST:lo', 'AT_Slope_ST:lo', 'AT_Score_LT:lo']",510.0,33.0,"['Sqz_Val:hi', 'Momentum_Value:hi', 'Micro_Hurst:hi', 'OBVf_Signal:==1', 'OBVf_Trend_Dir:==1', 'Trend_Concordance:==0']",2026.03,Mar
WF_2026.03_k5_ONE,18.0,-153.0,-155.0,2.0,5.0,21.0,11.0,97.0,97,81.44,1.41,75.67,5.78,595.6,1.0,1.0,0.0,5,ONE,OK,28,4,4,"['D2D_Up_Count:hi', 'D2D_Signal:==1', 'AT_Score_ST:lo', 'Slope_EMA_ST:lo', 'AT_Slope_ST:lo', 'AT_Score_LT:lo']",213.0,23.0,"['Sqz_Val:hi', 'Momentum_Value:hi', 'Micro_Hurst:hi', 'OBVf_Signal:==1', 'OBVf_Trend_Dir:==1', 'Trend_Concordance:==0']",2026.03,Mar
WF_2026.03_k5_RR,37.0,-153.0,-637.4,2.0,5.0,21.0,12.0,217.0,217,82.95,1.37,78.06,4.89,1196.9,1.0,6.0,0.0,5,RR,OK,29,4,4,"['D2D_Up_Count:hi', 'D2D_Signal:==1', 'AT_Score_ST:lo', 'Slope_EMA_ST:lo', 'AT_Slope_ST:lo', 'AT_Score_LT:lo']",213.0,23.0,"['Sqz_Val:hi', 'Momentum_Value:hi', 'Micro_Hurst:hi', 'OBVf_Signal:==1', 'OBVf_Trend_Dir:==1', 'Trend_Concordance:==0']",2026.03,Mar
WF_2026.03_k6_ONE,5.0,-127.0,-107.0,1.0,4.0,16.0,4.0,34.0,34,85.29,1.66,77.71,7.59,303.7,1.0,1.0,0.0,6,ONE,OK,30,3,3,"['D2D_Up_Count:hi', 'D2D_Signal:==1', 'AT_Score_ST:lo', 'Slope_EMA_ST:lo', 'AT_Slope_ST:lo', 'AT_Score_LT:lo']",48.0,5.0,"['Sqz_Val:hi', 'Momentum_Value:hi', 'Micro_Hurst:hi', 'OBVf_Signal:==1', 'OBVf_Trend_Dir:==1', 'Trend_Concordance:==0']",2026.03,Mar
WF_2026.03_k6_RR,8.0,-153.0,-406.9,1.0,4.0,16.0,4.0,51.0,51,84.31,1.14,82.46,1.85,130.1,1.0,3.0,0.0,6,RR,OK,31,3,3,"['D2D_Up_Count:hi', 'D2D_Signal:==1', 'AT_Score_ST:lo', 'Slope_EMA_ST:lo', 'AT_Slope_ST:lo', 'AT_Score_LT:lo']",48.0,5.0,"['Sqz_Val:hi', 'Momentum_Value:hi', 'Micro_Hurst:hi', 'OBVf_Signal:==1', 'OBVf_Trend_Dir:==1', 'Trend_Concordance:==0']",2026.03,Mar
WF_2026.04_k2_ONE,25.0,-306.0,-396.9,2.0,5.0,22.0,15.0,169.0,169,85.21,1.23,82.39,2.82,826.5,1.0,2.0,0.0,2,ONE,OK,32,80,21,"['AT_Score_ST:lo', 'Slope_EMA_ST:lo', 'D2D_Up_Count:hi', 'D2D_Signal:==1', 'AT_Slope_ST:lo', 'KAMA_Dist:lo']",141.0,20.0,"['D2D_Signal:==-1', 'D2D_Dn_Count:hi', 'AT_Score_LT:hi', 'KAMA_Dist:hi', 'D2D_Dynamic_Sensitivity:lo', 'OBV_Velocity:hi']",2026.04,Apr
WF_2026.04_k2_RR,34.0,-306.0,-482.1,3.0,5.0,22.0,15.0,221.0,221,84.62,1.22,81.87,2.75,1008.0,1.0,6.0,0.0,2,RR,OK,33,80,21,"['AT_Score_ST:lo', 'Slope_EMA_ST:lo', 'D2D_Up_Count:hi', 'D2D_Signal:==1', 'AT_Slope_ST:lo', 'KAMA_Dist:lo']",141.0,20.0,"['D2D_Signal:==-1', 'D2D_Dn_Count:hi', 'AT_Score_LT:hi', 'KAMA_Dist:hi', 'D2D_Dynamic_Sensitivity:lo', 'OBV_Velocity:hi']",2026.04,Apr
WF_2026.04_k3_ONE,7.0,-306.0,-186.1,1.0,5.0,20.0,7.0,57.0,57,87.72,1.88,79.14,8.58,974.5,1.0,1.0,0.0,3,ONE,OK,34,12,9,"['AT_Score_ST:lo', 'Slope_EMA_ST:lo', 'D2D_Up_Count:hi', 'D2D_Signal:==1', 'AT_Slope_ST:lo', 'KAMA_Dist:lo']",49.0,4.0,"['D2D_Signal:==-1', 'D2D_Dn_Count:hi', 'AT_Score_LT:hi', 'KAMA_Dist:hi', 'D2D_Dynamic_Sensitivity:lo', 'OBV_Velocity:hi']",2026.04,Apr
WF_2026.04_k3_RR,7.0,-306.0,-172.4,1.0,5.0,20.0,7.0,61.0,61,88.52,1.95,79.86,8.66,1043.4,1.0,2.0,0.0,3,RR,OK,35,12,9,"['AT_Score_ST:lo', 'Slope_EMA_ST:lo', 'D2D_Up_Count:hi', 'D2D_Signal:==1', 'AT_Slope_ST:lo', 'KAMA_Dist:lo']",49.0,4.0,"['D2D_Signal:==-1', 'D2D_Dn_Count:hi', 'AT_Score_LT:hi', 'KAMA_Dist:hi', 'D2D_Dynamic_Sensitivity:lo', 'OBV_Velocity:hi']",2026.04,Apr
WF_2026.04_k4_ONE,0.0,13.5,15.6,0.0,3.0,7.0,0.0,8.0,8,100.0,inf,0.0,100.0,241.9,1.0,1.0,0.0,4,ONE,OK,36,4,4,"['AT_Score_ST:lo', 'Slope_EMA_ST:lo', 'D2D_Up_Count:hi', 'D2D_Signal:==1', 'AT_Slope_ST:lo', 'KAMA_Dist:lo']",4.0,1.0,"['D2D_Signal:==-1', 'D2D_Dn_Count:hi', 'AT_Score_LT:hi', 'KAMA_Dist:hi', 'D2D_Dynamic_Sensitivity:lo', 'OBV_Velocity:hi']",2026.04,Apr
WF_2026.04_k4_RR,0.0,13.5,15.6,0.0,3.0,7.0,0.0,8.0,8,100.0,inf,0.0,100.0,241.9,1.0,1.0,0.0,4,RR,OK,37,4,4,"['AT_Score_ST:lo', 'Slope_EMA_ST:lo', 'D2D_Up_Count:hi', 'D2D_Signal:==1', 'AT_Slope_ST:lo', 'KAMA_Dist:lo']",4.0,1.0,"['D2D_Signal:==-1', 'D2D_Dn_Count:hi', 'AT_Score_LT:hi', 'KAMA_Dist:hi', 'D2D_Dynamic_Sensitivity:lo', 'OBV_Velocity:hi']",2026.04,Apr
WF_2026.04_k5_ONE,0.0,15.6,15.6,0.0,1.0,1.0,0.0,1.0,1,100.0,inf,0.0,100.0,15.6,1.0,1.0,0.0,5,ONE,OK,38,1,1,"['AT_Score_ST:lo', 'Slope_EMA_ST:lo', 'D2D_Up_Count:hi', 'D2D_Signal:==1', 'AT_Slope_ST:lo', 'KAMA_Dist:lo']",0.0,0.0,"['D2D_Signal:==-1', 'D2D_Dn_Count:hi', 'AT_Score_LT:hi', 'KAMA_Dist:hi', 'D2D_Dynamic_Sensitivity:lo', 'OBV_Velocity:hi']",2026.04,Apr
WF_2026.04_k5_RR,0.0,15.6,15.6,0.0,1.0,1.0,0.0,1.0,1,100.0,inf,0.0,100.0,15.6,1.0,1.0,0.0,5,RR,OK,39,1,1,"['AT_Score_ST:lo', 'Slope_EMA_ST:lo', 'D2D_Up_Count:hi', 'D2D_Signal:==1', 'AT_Slope_ST:lo', 'KAMA_Dist:lo']",0.0,0.0,"['D2D_Signal:==-1', 'D2D_Dn_Count:hi', 'AT_Score_LT:hi', 'KAMA_Dist:hi', 'D2D_Dynamic_Sensitivity:lo', 'OBV_Velocity:hi']",2026.04,Apr
WF_2026.04_k6_ONE,,,,,,,,,0,,,,,,,,,6,ONE,OK,40,0,0,"['AT_Score_ST:lo', 'Slope_EMA_ST:lo', 'D2D_Up_Count:hi', 'D2D_Signal:==1', 'AT_Slope_ST:lo', 'KAMA_Dist:lo']",0.0,0.0,"['D2D_Signal:==-1', 'D2D_Dn_Count:hi', 'AT_Score_LT:hi', 'KAMA_Dist:hi', 'D2D_Dynamic_Sensitivity:lo', 'OBV_Velocity:hi']",2026.04,Apr
WF_2026.04_k6_RR,,,,,,,,,0,,,,,,,,,6,RR,OK,41,0,0,"['AT_Score_ST:lo', 'Slope_EMA_ST:lo', 'D2D_Up_Count:hi', 'D2D_Signal:==1', 'AT_Slope_ST:lo', 'KAMA_Dist:lo']",0.0,0.0,"['D2D_Signal:==-1', 'D2D_Dn_Count:hi', 'AT_Score_LT:hi', 'KAMA_Dist:hi', 'D2D_Dynamic_Sensitivity:lo', 'OBV_Velocity:hi']",2026.04,Apr
WF_2026.05_k2_ONE,31.0,-306.0,-519.7,3.0,5.0,21.0,19.0,163.0,163,80.98,1.2,77.95,3.03,788.6,1.0,2.0,0.0,2,ONE,OK,42,110,33,"['AT_Score_ST:lo', 'D2D_Up_Count:hi', 'D2D_Signal:==1', 'Slope_EMA_ST:lo', 'AT_Slope_ST:lo', 'KAMA_Dist:lo']",128.0,8.0,"['AT_Score_LT:hi', 'D2D_Signal:==-1', 'D2D_Dn_Count:hi', 'EMA_Oscillator:hi', 'D2D_Dynamic_Sensitivity:lo', 'KAMA_Dist:hi']",2026.05,May
WF_2026.05_k2_RR,40.0,-306.0,-389.1,1.0,5.0,21.0,20.0,238.0,238,83.19,1.34,78.71,4.49,1587.2,1.0,5.0,0.0,2,RR,OK,43,110,33,"['AT_Score_ST:lo', 'D2D_Up_Count:hi', 'D2D_Signal:==1', 'Slope_EMA_ST:lo', 'AT_Slope_ST:lo', 'KAMA_Dist:lo']",128.0,8.0,"['AT_Score_LT:hi', 'D2D_Signal:==-1', 'D2D_Dn_Count:hi', 'EMA_Oscillator:hi', 'D2D_Dynamic_Sensitivity:lo', 'KAMA_Dist:hi']",2026.05,May
WF_2026.05_k3_ONE,13.0,-306.0,-440.9,3.0,5.0,20.0,11.0,52.0,52,75.0,1.04,74.2,0.8,76.4,1.0,1.0,0.0,3,ONE,OK,44,23,15,"['AT_Score_ST:lo', 'D2D_Up_Count:hi', 'D2D_Signal:==1', 'Slope_EMA_ST:lo', 'AT_Slope_ST:lo', 'KAMA_Dist:lo']",40.0,0.0,"['AT_Score_LT:hi', 'D2D_Signal:==-1', 'D2D_Dn_Count:hi', 'EMA_Oscillator:hi', 'D2D_Dynamic_Sensitivity:lo', 'KAMA_Dist:hi']",2026.05,May
WF_2026.05_k3_RR,15.0,-306.0,-404.4,3.0,5.0,20.0,11.0,63.0,63,76.19,1.09,74.56,1.63,172.8,1.0,3.0,0.0,3,RR,OK,45,23,15,"['AT_Score_ST:lo', 'D2D_Up_Count:hi', 'D2D_Signal:==1', 'Slope_EMA_ST:lo', 'AT_Slope_ST:lo', 'KAMA_Dist:lo']",40.0,0.0,"['AT_Score_LT:hi', 'D2D_Signal:==-1', 'D2D_Dn_Count:hi', 'EMA_Oscillator:hi', 'D2D_Dynamic_Sensitivity:lo', 'KAMA_Dist:hi']",2026.05,May
WF_2026.05_k4_ONE,3.0,-153.0,-153.0,1.0,4.0,12.0,3.0,15.0,15,80.0,2.92,57.77,22.23,717.3,1.0,1.0,0.0,4,ONE,OK,46,6,5,"['AT_Score_ST:lo', 'D2D_Up_Count:hi', 'D2D_Signal:==1', 'Slope_EMA_ST:lo', 'AT_Slope_ST:lo', 'KAMA_Dist:lo']",9.0,0.0,"['AT_Score_LT:hi', 'D2D_Signal:==-1', 'D2D_Dn_Count:hi', 'EMA_Oscillator:hi', 'D2D_Dynamic_Sensitivity:lo', 'KAMA_Dist:hi']",2026.05,May
WF_2026.05_k4_RR,3.0,-153.0,-153.0,1.0,4.0,12.0,3.0,15.0,15,80.0,2.92,57.77,22.23,717.3,1.0,1.0,0.0,4,RR,OK,47,6,5,"['AT_Score_ST:lo', 'D2D_Up_Count:hi', 'D2D_Signal:==1', 'Slope_EMA_ST:lo', 'AT_Slope_ST:lo', 'KAMA_Dist:lo']",9.0,0.0,"['AT_Score_LT:hi', 'D2D_Signal:==-1', 'D2D_Dn_Count:hi', 'EMA_Oscillator:hi', 'D2D_Dynamic_Sensitivity:lo', 'KAMA_Dist:hi']",2026.05,May
WF_2026.05_k5_ONE,0.0,23.0,23.0,0.0,2.0,2.0,0.0,2.0,2,100.0,inf,0.0,100.0,77.0,1.0,1.0,0.0,5,ONE,OK,48,2,2,"['AT_Score_ST:lo', 'D2D_Up_Count:hi', 'D2D_Signal:==1', 'Slope_EMA_ST:lo', 'AT_Slope_ST:lo', 'KAMA_Dist:lo']",0.0,0.0,"['AT_Score_LT:hi', 'D2D_Signal:==-1', 'D2D_Dn_Count:hi', 'EMA_Oscillator:hi', 'D2D_Dynamic_Sensitivity:lo', 'KAMA_Dist:hi']",2026.05,May
WF_2026.05_k5_RR,0.0,23.0,23.0,0.0,2.0,2.0,0.0,2.0,2,100.0,inf,0.0,100.0,77.0,1.0,1.0,0.0,5,RR,OK,49,2,2,"['AT_Score_ST:lo', 'D2D_Up_Count:hi', 'D2D_Signal:==1', 'Slope_EMA_ST:lo', 'AT_Slope_ST:lo', 'KAMA_Dist:lo']",0.0,0.0,"['AT_Score_LT:hi', 'D2D_Signal:==-1', 'D2D_Dn_Count:hi', 'EMA_Oscillator:hi', 'D2D_Dynamic_Sensitivity:lo', 'KAMA_Dist:hi']",2026.05,May
WF_2026.05_k6_ONE,,,,,,,,,0,,,,,,,,,6,ONE,OK,50,0,0,"['AT_Score_ST:lo', 'D2D_Up_Count:hi', 'D2D_Signal:==1', 'Slope_EMA_ST:lo', 'AT_Slope_ST:lo', 'KAMA_Dist:lo']",0.0,0.0,"['AT_Score_LT:hi', 'D2D_Signal:==-1', 'D2D_Dn_Count:hi', 'EMA_Oscillator:hi', 'D2D_Dynamic_Sensitivity:lo', 'KAMA_Dist:hi']",2026.05,May
WF_2026.05_k6_RR,,,,,,,,,0,,,,,,,,,6,RR,OK,51,0,0,"['AT_Score_ST:lo', 'D2D_Up_Count:hi', 'D2D_Signal:==1', 'Slope_EMA_ST:lo', 'AT_Slope_ST:lo', 'KAMA_Dist:lo']",0.0,0.0,"['AT_Score_LT:hi', 'D2D_Signal:==-1', 'D2D_Dn_Count:hi', 'EMA_Oscillator:hi', 'D2D_Dynamic_Sensitivity:lo', 'KAMA_Dist:hi']",2026.05,May
WF_2026.06_k2_ONE,38.0,-306.0,-355.9,2.0,5.0,22.0,19.0,209.0,209,81.82,1.18,79.16,2.66,860.5,1.0,2.0,0.0,2,ONE,OK,52,190,55,"['AT_Score_ST:lo', 'D2D_Signal:==1', 'Slope_EMA_ST:lo', 'D2D_Up_Count:hi', 'AT_Slope_ST:lo', 'EMA_Oscillator:lo']",102.0,9.0,"['AT_Score_LT:hi', 'D2D_Signal:==-1', 'D2D_Dn_Count:hi', 'VAL_Side:==0', 'EMA_Oscillator:hi', 'D2D_Dynamic_Sensitivity:lo']",2026.06,Jun(1-25)
WF_2026.06_k2_RR,56.0,-306.0,-775.8,2.0,5.0,22.0,19.0,292.0,292,80.82,1.25,77.16,3.66,1605.8,1.0,7.0,0.0,2,RR,OK,53,190,55,"['AT_Score_ST:lo', 'D2D_Signal:==1', 'Slope_EMA_ST:lo', 'D2D_Up_Count:hi', 'AT_Slope_ST:lo', 'EMA_Oscillator:lo']",102.0,9.0,"['AT_Score_LT:hi', 'D2D_Signal:==-1', 'D2D_Dn_Count:hi', 'VAL_Side:==0', 'EMA_Oscillator:hi', 'D2D_Dynamic_Sensitivity:lo']",2026.06,Jun(1-25)
WF_2026.06_k3_ONE,10.0,-153.0,-159.4,3.0,5.0,17.0,9.0,51.0,51,80.39,1.45,73.9,6.5,519.0,1.0,1.0,0.0,3,ONE,OK,54,50,26,"['AT_Score_ST:lo', 'D2D_Signal:==1', 'Slope_EMA_ST:lo', 'D2D_Up_Count:hi', 'AT_Slope_ST:lo', 'EMA_Oscillator:lo']",25.0,3.0,"['AT_Score_LT:hi', 'D2D_Signal:==-1', 'D2D_Dn_Count:hi', 'VAL_Side:==0', 'EMA_Oscillator:hi', 'D2D_Dynamic_Sensitivity:lo']",2026.06,Jun(1-25)
WF_2026.06_k3_RR,18.0,-192.8,-795.0,3.0,5.0,17.0,9.0,75.0,75,76.0,1.35,70.05,5.95,671.9,1.0,7.0,0.0,3,RR,OK,55,50,26,"['AT_Score_ST:lo', 'D2D_Signal:==1', 'Slope_EMA_ST:lo', 'D2D_Up_Count:hi', 'AT_Slope_ST:lo', 'EMA_Oscillator:lo']",25.0,3.0,"['AT_Score_LT:hi', 'D2D_Signal:==-1', 'D2D_Dn_Count:hi', 'VAL_Side:==0', 'EMA_Oscillator:hi', 'D2D_Dynamic_Sensitivity:lo']",2026.06,Jun(1-25)
WF_2026.06_k4_ONE,3.0,-153.0,-153.0,3.0,5.0,10.0,3.0,11.0,11,72.73,0.65,80.51,-7.78,-111.7,1.0,1.0,0.0,4,ONE,OK,56,10,6,"['AT_Score_ST:lo', 'D2D_Signal:==1', 'Slope_EMA_ST:lo', 'D2D_Up_Count:hi', 'AT_Slope_ST:lo', 'EMA_Oscillator:lo']",3.0,0.0,"['AT_Score_LT:hi', 'D2D_Signal:==-1', 'D2D_Dn_Count:hi', 'VAL_Side:==0', 'EMA_Oscillator:hi', 'D2D_Dynamic_Sensitivity:lo']",2026.06,Jun(1-25)
WF_2026.06_k4_RR,3.0,-153.0,-153.0,3.0,5.0,10.0,3.0,13.0,13,76.92,0.75,81.66,-4.73,-79.2,1.0,3.0,0.0,4,RR,OK,57,10,6,"['AT_Score_ST:lo', 'D2D_Signal:==1', 'Slope_EMA_ST:lo', 'D2D_Up_Count:hi', 'AT_Slope_ST:lo', 'EMA_Oscillator:lo']",3.0,0.0,"['AT_Score_LT:hi', 'D2D_Signal:==-1', 'D2D_Dn_Count:hi', 'VAL_Side:==0', 'EMA_Oscillator:hi', 'D2D_Dynamic_Sensitivity:lo']",2026.06,Jun(1-25)
WF_2026.06_k5_ONE,1.0,-108.0,-92.2,1.0,2.0,2.0,1.0,3.0,3,66.67,0.26,88.52,-21.86,-80.0,1.0,1.0,0.0,5,ONE,OK,58,3,2,"['AT_Score_ST:lo', 'D2D_Signal:==1', 'Slope_EMA_ST:lo', 'D2D_Up_Count:hi', 'AT_Slope_ST:lo', 'EMA_Oscillator:lo']",0.0,0.0,"['AT_Score_LT:hi', 'D2D_Signal:==-1', 'D2D_Dn_Count:hi', 'VAL_Side:==0', 'EMA_Oscillator:hi', 'D2D_Dynamic_Sensitivity:lo']",2026.06,Jun(1-25)
WF_2026.06_k5_RR,1.0,-108.0,-92.2,1.0,2.0,2.0,1.0,3.0,3,66.67,0.26,88.52,-21.86,-80.0,1.0,1.0,0.0,5,RR,OK,59,3,2,"['AT_Score_ST:lo', 'D2D_Signal:==1', 'Slope_EMA_ST:lo', 'D2D_Up_Count:hi', 'AT_Slope_ST:lo', 'EMA_Oscillator:lo']",0.0,0.0,"['AT_Score_LT:hi', 'D2D_Signal:==-1', 'D2D_Dn_Count:hi', 'VAL_Side:==0', 'EMA_Oscillator:hi', 'D2D_Dynamic_Sensitivity:lo']",2026.06,Jun(1-25)
WF_2026.06_k6_ONE,,,,,,,,,0,,,,,,,,,6,ONE,OK,60,0,0,"['AT_Score_ST:lo', 'D2D_Signal:==1', 'Slope_EMA_ST:lo', 'D2D_Up_Count:hi', 'AT_Slope_ST:lo', 'EMA_Oscillator:lo']",0.0,0.0,"['AT_Score_LT:hi', 'D2D_Signal:==-1', 'D2D_Dn_Count:hi', 'VAL_Side:==0', 'EMA_Oscillator:hi', 'D2D_Dynamic_Sensitivity:lo']",2026.06,Jun(1-25)
WF_2026.06_k6_RR,,,,,,,,,0,,,,,,,,,6,RR,OK,61,0,0,"['AT_Score_ST:lo', 'D2D_Signal:==1', 'Slope_EMA_ST:lo', 'D2D_Up_Count:hi', 'AT_Slope_ST:lo', 'EMA_Oscillator:lo']",0.0,0.0,"['AT_Score_LT:hi', 'D2D_Signal:==-1', 'D2D_Dn_Count:hi', 'VAL_Side:==0', 'EMA_Oscillator:hi', 'D2D_Dynamic_Sensitivity:lo']",2026.06,Jun(1-25)
WF_2026.07_k2_ONE,22.0,-306.0,-285.4,1.0,4.0,15.0,11.0,121.0,121,81.82,1.12,80.09,1.73,380.1,1.0,2.0,0.0,2,ONE,OK,62,99,27,"['AT_Score_ST:lo', 'Slope_EMA_ST:lo', 'D2D_Signal:==1', 'D2D_Up_Count:hi', 'AT_Slope_ST:lo', 'EMA_Oscillator:lo']",63.0,7.0,"['AT_Score_LT:hi', 'VAL_Side:==0', 'D2D_Signal:==-1', 'EMA_Oscillator:hi', 'D2D_Dn_Count:hi', 'D2D_Dynamic_Sensitivity:lo']",2026.07,Jul(1-21) EXTRA
WF_2026.07_k2_RR,28.0,-306.0,-208.6,1.0,4.0,15.0,11.0,162.0,162,82.72,1.49,76.27,6.44,1839.0,1.0,5.0,0.0,2,RR,OK,63,99,27,"['AT_Score_ST:lo', 'Slope_EMA_ST:lo', 'D2D_Signal:==1', 'D2D_Up_Count:hi', 'AT_Slope_ST:lo', 'EMA_Oscillator:lo']",63.0,7.0,"['AT_Score_LT:hi', 'VAL_Side:==0', 'D2D_Signal:==-1', 'EMA_Oscillator:hi', 'D2D_Dn_Count:hi', 'D2D_Dynamic_Sensitivity:lo']",2026.07,Jul(1-21) EXTRA
WF_2026.07_k3_ONE,8.0,-306.0,-296.9,2.0,4.0,14.0,7.0,44.0,44,81.82,1.28,77.83,3.99,348.8,1.0,2.0,0.0,3,ONE,OK,64,34,15,"['AT_Score_ST:lo', 'Slope_EMA_ST:lo', 'D2D_Signal:==1', 'D2D_Up_Count:hi', 'AT_Slope_ST:lo', 'EMA_Oscillator:lo']",25.0,4.0,"['AT_Score_LT:hi', 'VAL_Side:==0', 'D2D_Signal:==-1', 'EMA_Oscillator:hi', 'D2D_Dn_Count:hi', 'D2D_Dynamic_Sensitivity:lo']",2026.07,Jul(1-21) EXTRA
WF_2026.07_k3_RR,11.0,-306.0,-296.9,2.0,4.0,14.0,7.0,59.0,59,81.36,1.5,74.41,6.94,768.8,1.0,4.0,0.0,3,RR,OK,65,34,15,"['AT_Score_ST:lo', 'Slope_EMA_ST:lo', 'D2D_Signal:==1', 'D2D_Up_Count:hi', 'AT_Slope_ST:lo', 'EMA_Oscillator:lo']",25.0,4.0,"['AT_Score_LT:hi', 'VAL_Side:==0', 'D2D_Signal:==-1', 'EMA_Oscillator:hi', 'D2D_Dn_Count:hi', 'D2D_Dynamic_Sensitivity:lo']",2026.07,Jul(1-21) EXTRA
WF_2026.07_k4_ONE,1.0,-153.0,-153.0,1.0,3.0,8.0,1.0,12.0,12,91.67,6.78,61.88,29.79,883.8,1.0,1.0,0.0,4,ONE,OK,66,5,5,"['AT_Score_ST:lo', 'Slope_EMA_ST:lo', 'D2D_Signal:==1', 'D2D_Up_Count:hi', 'AT_Slope_ST:lo', 'EMA_Oscillator:lo']",7.0,1.0,"['AT_Score_LT:hi', 'VAL_Side:==0', 'D2D_Signal:==-1', 'EMA_Oscillator:hi', 'D2D_Dn_Count:hi', 'D2D_Dynamic_Sensitivity:lo']",2026.07,Jul(1-21) EXTRA
WF_2026.07_k4_RR,1.0,-153.0,-153.0,1.0,3.0,8.0,1.0,12.0,12,91.67,6.78,61.88,29.79,883.8,1.0,1.0,0.0,4,RR,OK,67,5,5,"['AT_Score_ST:lo', 'Slope_EMA_ST:lo', 'D2D_Signal:==1', 'D2D_Up_Count:hi', 'AT_Slope_ST:lo', 'EMA_Oscillator:lo']",7.0,1.0,"['AT_Score_LT:hi', 'VAL_Side:==0', 'D2D_Signal:==-1', 'EMA_Oscillator:hi', 'D2D_Dn_Count:hi', 'D2D_Dynamic_Sensitivity:lo']",2026.07,Jul(1-21) EXTRA
WF_2026.07_k5_ONE,0.0,9.5,9.5,0.0,2.0,3.0,0.0,3.0,3,100.0,inf,0.0,100.0,788.2,1.0,1.0,0.0,5,ONE,OK,68,3,3,"['AT_Score_ST:lo', 'Slope_EMA_ST:lo', 'D2D_Signal:==1', 'D2D_Up_Count:hi', 'AT_Slope_ST:lo', 'EMA_Oscillator:lo']",0.0,0.0,"['AT_Score_LT:hi', 'VAL_Side:==0', 'D2D_Signal:==-1', 'EMA_Oscillator:hi', 'D2D_Dn_Count:hi', 'D2D_Dynamic_Sensitivity:lo']",2026.07,Jul(1-21) EXTRA
WF_2026.07_k5_RR,0.0,9.5,9.5,0.0,2.0,3.0,0.0,3.0,3,100.0,inf,0.0,100.0,788.2,1.0,1.0,0.0,5,RR,OK,69,3,3,"['AT_Score_ST:lo', 'Slope_EMA_ST:lo', 'D2D_Signal:==1', 'D2D_Up_Count:hi', 'AT_Slope_ST:lo', 'EMA_Oscillator:lo']",0.0,0.0,"['AT_Score_LT:hi', 'VAL_Side:==0', 'D2D_Signal:==-1', 'EMA_Oscillator:hi', 'D2D_Dn_Count:hi', 'D2D_Dynamic_Sensitivity:lo']",2026.07,Jul(1-21) EXTRA
WF_2026.07_k6_ONE,,,,,,,,,0,,,,,,,,,6,ONE,OK,70,0,0,"['AT_Score_ST:lo', 'Slope_EMA_ST:lo', 'D2D_Signal:==1', 'D2D_Up_Count:hi', 'AT_Slope_ST:lo', 'EMA_Oscillator:lo']",0.0,0.0,"['AT_Score_LT:hi', 'VAL_Side:==0', 'D2D_Signal:==-1', 'EMA_Oscillator:hi', 'D2D_Dn_Count:hi', 'D2D_Dynamic_Sensitivity:lo']",2026.07,Jul(1-21) EXTRA
WF_2026.07_k6_RR,,,,,,,,,0,,,,,,,,,6,RR,OK,71,0,0,"['AT_Score_ST:lo', 'Slope_EMA_ST:lo', 'D2D_Signal:==1', 'D2D_Up_Count:hi', 'AT_Slope_ST:lo', 'EMA_Oscillator:lo']",0.0,0.0,"['AT_Score_LT:hi', 'VAL_Side:==0', 'D2D_Signal:==-1', 'EMA_Oscillator:hi', 'D2D_Dn_Count:hi', 'D2D_Dynamic_Sensitivity:lo']",2026.07,Jul(1-21) EXTRA
